{
  "type": "FeatureCollection",
  "features": [
    {
      "type": "Feature",
      "properties": {
        "route_id": "wyoming-double",
        "route_status": "official",
        "source": "osrm",
        "profile": "driving",
        "distance_m": 273159,
        "duration_s": 19478,
        "bbox": [
          -110.762394,
          43.476397,
          -110.37962,
          44.959361
        ],
        "waypoint_count": 9,
        "generated_at": "2026-04-19T23:58:30.100Z"
      },
      "geometry": {
        "type": "LineString",
        "coordinates": [
          [
            -110.740587,
            43.476617
          ],
          [
            -110.740665,
            43.476501
          ],
          [
            -110.740716,
            43.476483
          ],
          [
            -110.74082,
            43.476446
          ],
          [
            -110.740953,
            43.476416
          ],
          [
            -110.741209,
            43.476397
          ],
          [
            -110.741399,
            43.476397
          ],
          [
            -110.741411,
            43.476429
          ],
          [
            -110.74144,
            43.47647
          ],
          [
            -110.741485,
            43.476513
          ],
          [
            -110.741548,
            43.47655
          ],
          [
            -110.741614,
            43.47658
          ],
          [
            -110.741903,
            43.476667
          ],
          [
            -110.742089,
            43.476723
          ],
          [
            -110.742179,
            43.476763
          ],
          [
            -110.74226,
            43.476809
          ],
          [
            -110.742481,
            43.476949
          ],
          [
            -110.742549,
            43.477373
          ],
          [
            -110.742584,
            43.477552
          ],
          [
            -110.742671,
            43.477974
          ],
          [
            -110.742717,
            43.478065
          ],
          [
            -110.742792,
            43.478136
          ],
          [
            -110.742876,
            43.478194
          ],
          [
            -110.743184,
            43.478335
          ],
          [
            -110.743262,
            43.478399
          ],
          [
            -110.743304,
            43.478474
          ],
          [
            -110.74332,
            43.47853
          ],
          [
            -110.743327,
            43.478619
          ],
          [
            -110.743306,
            43.479702
          ],
          [
            -110.743651,
            43.479699
          ],
          [
            -110.744627,
            43.47969
          ],
          [
            -110.74536,
            43.479695
          ],
          [
            -110.745943,
            43.479701
          ],
          [
            -110.746867,
            43.479697
          ],
          [
            -110.747376,
            43.479702
          ],
          [
            -110.747667,
            43.479701
          ],
          [
            -110.748492,
            43.479697
          ],
          [
            -110.748733,
            43.479694
          ],
          [
            -110.748923,
            43.479693
          ],
          [
            -110.749287,
            43.479693
          ],
          [
            -110.749872,
            43.479694
          ],
          [
            -110.749989,
            43.479695
          ],
          [
            -110.750077,
            43.479695
          ],
          [
            -110.750419,
            43.479695
          ],
          [
            -110.750762,
            43.479694
          ],
          [
            -110.751116,
            43.47969
          ],
          [
            -110.751781,
            43.479682
          ],
          [
            -110.75189,
            43.479682
          ],
          [
            -110.753268,
            43.479677
          ],
          [
            -110.753533,
            43.479676
          ],
          [
            -110.754404,
            43.479663
          ],
          [
            -110.754522,
            43.47966
          ],
          [
            -110.754622,
            43.479658
          ],
          [
            -110.754663,
            43.479657
          ],
          [
            -110.754896,
            43.479651
          ],
          [
            -110.755772,
            43.479639
          ],
          [
            -110.75681,
            43.479616
          ],
          [
            -110.757867,
            43.479593
          ],
          [
            -110.758183,
            43.479586
          ],
          [
            -110.758796,
            43.479577
          ],
          [
            -110.7589,
            43.479575
          ],
          [
            -110.759023,
            43.479575
          ],
          [
            -110.75931,
            43.479575
          ],
          [
            -110.760616,
            43.479579
          ],
          [
            -110.760688,
            43.47958
          ],
          [
            -110.761145,
            43.479583
          ],
          [
            -110.761296,
            43.479581
          ],
          [
            -110.762214,
            43.479584
          ],
          [
            -110.76235,
            43.479582
          ],
          [
            -110.76235,
            43.47969
          ],
          [
            -110.762357,
            43.480236
          ],
          [
            -110.762358,
            43.480314
          ],
          [
            -110.762359,
            43.48038
          ],
          [
            -110.762361,
            43.48056
          ],
          [
            -110.762362,
            43.480665
          ],
          [
            -110.762377,
            43.481773
          ],
          [
            -110.762375,
            43.481861
          ],
          [
            -110.762375,
            43.481935
          ],
          [
            -110.76238,
            43.482423
          ],
          [
            -110.76238,
            43.482607
          ],
          [
            -110.762381,
            43.482753
          ],
          [
            -110.762379,
            43.48296
          ],
          [
            -110.762378,
            43.483031
          ],
          [
            -110.762379,
            43.483195
          ],
          [
            -110.762377,
            43.483316
          ],
          [
            -110.762377,
            43.483343
          ],
          [
            -110.762378,
            43.483415
          ],
          [
            -110.762373,
            43.483479
          ],
          [
            -110.762371,
            43.483532
          ],
          [
            -110.762366,
            43.484288
          ],
          [
            -110.762367,
            43.484454
          ],
          [
            -110.76237,
            43.484921
          ],
          [
            -110.762371,
            43.485094
          ],
          [
            -110.76237,
            43.485632
          ],
          [
            -110.76237,
            43.485686
          ],
          [
            -110.762368,
            43.486071
          ],
          [
            -110.762378,
            43.486494
          ],
          [
            -110.762382,
            43.486544
          ],
          [
            -110.762384,
            43.486594
          ],
          [
            -110.762394,
            43.486962
          ],
          [
            -110.762394,
            43.487013
          ],
          [
            -110.762394,
            43.487484
          ],
          [
            -110.762393,
            43.487714
          ],
          [
            -110.762372,
            43.488407
          ],
          [
            -110.762358,
            43.488737
          ],
          [
            -110.762338,
            43.488945
          ],
          [
            -110.762315,
            43.489117
          ],
          [
            -110.762199,
            43.489674
          ],
          [
            -110.762137,
            43.489972
          ],
          [
            -110.762087,
            43.490162
          ],
          [
            -110.761956,
            43.490611
          ],
          [
            -110.76176,
            43.491177
          ],
          [
            -110.761541,
            43.491871
          ],
          [
            -110.7594,
            43.498467
          ],
          [
            -110.75929,
            43.49886
          ],
          [
            -110.759119,
            43.500054
          ],
          [
            -110.758985,
            43.501468
          ],
          [
            -110.758793,
            43.502812
          ],
          [
            -110.758634,
            43.503462
          ],
          [
            -110.758445,
            43.503969
          ],
          [
            -110.758068,
            43.504588
          ],
          [
            -110.757833,
            43.504947
          ],
          [
            -110.757023,
            43.505906
          ],
          [
            -110.756619,
            43.506365
          ],
          [
            -110.755379,
            43.50778
          ],
          [
            -110.752464,
            43.511137
          ],
          [
            -110.752308,
            43.511317
          ],
          [
            -110.752014,
            43.511698
          ],
          [
            -110.751761,
            43.512081
          ],
          [
            -110.749051,
            43.516799
          ],
          [
            -110.748873,
            43.517075
          ],
          [
            -110.74857,
            43.517496
          ],
          [
            -110.748207,
            43.517968
          ],
          [
            -110.747589,
            43.518652
          ],
          [
            -110.746776,
            43.519531
          ],
          [
            -110.746054,
            43.520352
          ],
          [
            -110.745215,
            43.521236
          ],
          [
            -110.744307,
            43.52222
          ],
          [
            -110.743548,
            43.523041
          ],
          [
            -110.742768,
            43.523875
          ],
          [
            -110.742342,
            43.524314
          ],
          [
            -110.741962,
            43.524759
          ],
          [
            -110.741751,
            43.525056
          ],
          [
            -110.741303,
            43.525739
          ],
          [
            -110.740583,
            43.526828
          ],
          [
            -110.74004,
            43.527711
          ],
          [
            -110.739883,
            43.528043
          ],
          [
            -110.739738,
            43.528426
          ],
          [
            -110.739631,
            43.528803
          ],
          [
            -110.739566,
            43.529096
          ],
          [
            -110.739518,
            43.529382
          ],
          [
            -110.739485,
            43.529775
          ],
          [
            -110.739495,
            43.530149
          ],
          [
            -110.739574,
            43.531294
          ],
          [
            -110.739571,
            43.531901
          ],
          [
            -110.739534,
            43.532421
          ],
          [
            -110.739447,
            43.532822
          ],
          [
            -110.73935,
            43.533148
          ],
          [
            -110.739136,
            43.533646
          ],
          [
            -110.738864,
            43.534187
          ],
          [
            -110.737197,
            43.536975
          ],
          [
            -110.736968,
            43.537452
          ],
          [
            -110.736811,
            43.537893
          ],
          [
            -110.736582,
            43.538704
          ],
          [
            -110.736507,
            43.538952
          ],
          [
            -110.736222,
            43.539911
          ],
          [
            -110.736039,
            43.540414
          ],
          [
            -110.735853,
            43.540842
          ],
          [
            -110.734787,
            43.542923
          ],
          [
            -110.734782,
            43.542933
          ],
          [
            -110.733423,
            43.545668
          ],
          [
            -110.733237,
            43.546117
          ],
          [
            -110.733052,
            43.546674
          ],
          [
            -110.732943,
            43.547148
          ],
          [
            -110.732869,
            43.547641
          ],
          [
            -110.732823,
            43.548092
          ],
          [
            -110.732817,
            43.548501
          ],
          [
            -110.732959,
            43.558173
          ],
          [
            -110.732988,
            43.559902
          ],
          [
            -110.733026,
            43.562097
          ],
          [
            -110.733036,
            43.56242
          ],
          [
            -110.733047,
            43.564159
          ],
          [
            -110.733086,
            43.565978
          ],
          [
            -110.733103,
            43.566315
          ],
          [
            -110.733118,
            43.567015
          ],
          [
            -110.733149,
            43.569637
          ],
          [
            -110.73316,
            43.569875
          ],
          [
            -110.733205,
            43.572042
          ],
          [
            -110.733258,
            43.573176
          ],
          [
            -110.733212,
            43.573454
          ],
          [
            -110.73319,
            43.573592
          ],
          [
            -110.733195,
            43.573711
          ],
          [
            -110.733212,
            43.57382
          ],
          [
            -110.733208,
            43.573894
          ],
          [
            -110.733185,
            43.573948
          ],
          [
            -110.733162,
            43.57399
          ],
          [
            -110.733103,
            43.574049
          ],
          [
            -110.733044,
            43.574079
          ],
          [
            -110.733002,
            43.574121
          ],
          [
            -110.732982,
            43.574172
          ],
          [
            -110.732985,
            43.574223
          ],
          [
            -110.73301,
            43.57427
          ],
          [
            -110.733038,
            43.574309
          ],
          [
            -110.733088,
            43.574455
          ],
          [
            -110.733143,
            43.574606
          ],
          [
            -110.733192,
            43.574775
          ],
          [
            -110.73321,
            43.575074
          ],
          [
            -110.733202,
            43.575549
          ],
          [
            -110.733194,
            43.575628
          ],
          [
            -110.733147,
            43.57605
          ],
          [
            -110.733025,
            43.576912
          ],
          [
            -110.732851,
            43.577747
          ],
          [
            -110.732626,
            43.578547
          ],
          [
            -110.732132,
            43.580175
          ],
          [
            -110.731094,
            43.583435
          ],
          [
            -110.730904,
            43.584
          ],
          [
            -110.730476,
            43.585114
          ],
          [
            -110.729988,
            43.58622
          ],
          [
            -110.725443,
            43.595885
          ],
          [
            -110.725006,
            43.596928
          ],
          [
            -110.724731,
            43.597775
          ],
          [
            -110.724525,
            43.598633
          ],
          [
            -110.72421,
            43.600757
          ],
          [
            -110.7239,
            43.602371
          ],
          [
            -110.722115,
            43.613118
          ],
          [
            -110.721937,
            43.61421
          ],
          [
            -110.721092,
            43.61935
          ],
          [
            -110.72081,
            43.620789
          ],
          [
            -110.720596,
            43.621643
          ],
          [
            -110.720261,
            43.62278
          ],
          [
            -110.719596,
            43.624875
          ],
          [
            -110.717041,
            43.632942
          ],
          [
            -110.716708,
            43.633995
          ],
          [
            -110.715286,
            43.638494
          ],
          [
            -110.714638,
            43.640575
          ],
          [
            -110.714134,
            43.641979
          ],
          [
            -110.713615,
            43.643074
          ],
          [
            -110.71315,
            43.643875
          ],
          [
            -110.712807,
            43.644402
          ],
          [
            -110.712242,
            43.645168
          ],
          [
            -110.71006,
            43.647934
          ],
          [
            -110.707754,
            43.650932
          ],
          [
            -110.704475,
            43.654964
          ],
          [
            -110.703865,
            43.655712
          ],
          [
            -110.703232,
            43.656452
          ],
          [
            -110.70237,
            43.657433
          ],
          [
            -110.701035,
            43.658875
          ],
          [
            -110.699952,
            43.659975
          ],
          [
            -110.701035,
            43.658875
          ],
          [
            -110.70237,
            43.657433
          ],
          [
            -110.703232,
            43.656452
          ],
          [
            -110.703865,
            43.655712
          ],
          [
            -110.704475,
            43.654964
          ],
          [
            -110.707754,
            43.650932
          ],
          [
            -110.707885,
            43.650987
          ],
          [
            -110.71106,
            43.652342
          ],
          [
            -110.71393,
            43.653542
          ],
          [
            -110.715372,
            43.65416
          ],
          [
            -110.716651,
            43.654698
          ],
          [
            -110.716809,
            43.654779
          ],
          [
            -110.717101,
            43.654926
          ],
          [
            -110.717825,
            43.655399
          ],
          [
            -110.718426,
            43.65589
          ],
          [
            -110.718889,
            43.656375
          ],
          [
            -110.719039,
            43.656546
          ],
          [
            -110.719454,
            43.657115
          ],
          [
            -110.720246,
            43.658249
          ],
          [
            -110.72048,
            43.658616
          ],
          [
            -110.720826,
            43.659109
          ],
          [
            -110.721229,
            43.659666
          ],
          [
            -110.721286,
            43.659783
          ],
          [
            -110.721353,
            43.659931
          ],
          [
            -110.721556,
            43.660294
          ],
          [
            -110.721659,
            43.660461
          ],
          [
            -110.72179,
            43.660664
          ],
          [
            -110.721923,
            43.660841
          ],
          [
            -110.721983,
            43.66096
          ],
          [
            -110.722147,
            43.661382
          ],
          [
            -110.722306,
            43.661875
          ],
          [
            -110.722434,
            43.662607
          ],
          [
            -110.722479,
            43.663486
          ],
          [
            -110.722434,
            43.664015
          ],
          [
            -110.722326,
            43.66462
          ],
          [
            -110.722263,
            43.664882
          ],
          [
            -110.722113,
            43.665331
          ],
          [
            -110.722026,
            43.665572
          ],
          [
            -110.721705,
            43.666238
          ],
          [
            -110.721099,
            43.667375
          ],
          [
            -110.72091,
            43.66783
          ],
          [
            -110.720847,
            43.668051
          ],
          [
            -110.720803,
            43.668282
          ],
          [
            -110.720528,
            43.67078
          ],
          [
            -110.72052,
            43.671066
          ],
          [
            -110.720581,
            43.671646
          ],
          [
            -110.720726,
            43.672215
          ],
          [
            -110.72094,
            43.672771
          ],
          [
            -110.721237,
            43.673309
          ],
          [
            -110.721603,
            43.673824
          ],
          [
            -110.724429,
            43.676572
          ],
          [
            -110.725352,
            43.677447
          ],
          [
            -110.728169,
            43.680168
          ],
          [
            -110.729523,
            43.681477
          ],
          [
            -110.729973,
            43.681953
          ],
          [
            -110.730171,
            43.682205
          ],
          [
            -110.730545,
            43.68272
          ],
          [
            -110.730713,
            43.682987
          ],
          [
            -110.731003,
            43.683529
          ],
          [
            -110.731125,
            43.683804
          ],
          [
            -110.731232,
            43.684082
          ],
          [
            -110.7314,
            43.684647
          ],
          [
            -110.731516,
            43.685354
          ],
          [
            -110.731731,
            43.687392
          ],
          [
            -110.731958,
            43.689488
          ],
          [
            -110.732229,
            43.692518
          ],
          [
            -110.732287,
            43.693207
          ],
          [
            -110.732304,
            43.693436
          ],
          [
            -110.732369,
            43.694087
          ],
          [
            -110.732375,
            43.694207
          ],
          [
            -110.732365,
            43.694399
          ],
          [
            -110.732352,
            43.694591
          ],
          [
            -110.732321,
            43.694785
          ],
          [
            -110.732247,
            43.695077
          ],
          [
            -110.732148,
            43.695356
          ],
          [
            -110.732028,
            43.695625
          ],
          [
            -110.73174,
            43.696104
          ],
          [
            -110.731486,
            43.696394
          ],
          [
            -110.731357,
            43.696526
          ],
          [
            -110.731219,
            43.696661
          ],
          [
            -110.730957,
            43.696885
          ],
          [
            -110.730737,
            43.697051
          ],
          [
            -110.730638,
            43.697122
          ],
          [
            -110.730505,
            43.697205
          ],
          [
            -110.730434,
            43.697249
          ],
          [
            -110.730229,
            43.697374
          ],
          [
            -110.730105,
            43.697439
          ],
          [
            -110.729918,
            43.697535
          ],
          [
            -110.729757,
            43.697606
          ],
          [
            -110.729276,
            43.697819
          ],
          [
            -110.729032,
            43.697923
          ],
          [
            -110.728705,
            43.69807
          ],
          [
            -110.728058,
            43.698362
          ],
          [
            -110.727409,
            43.698696
          ],
          [
            -110.727135,
            43.698902
          ],
          [
            -110.726791,
            43.699197
          ],
          [
            -110.726624,
            43.699352
          ],
          [
            -110.726212,
            43.699844
          ],
          [
            -110.725899,
            43.700378
          ],
          [
            -110.725777,
            43.700657
          ],
          [
            -110.725685,
            43.700939
          ],
          [
            -110.725586,
            43.701511
          ],
          [
            -110.72558,
            43.70222
          ],
          [
            -110.725578,
            43.702381
          ],
          [
            -110.725578,
            43.702969
          ],
          [
            -110.725578,
            43.703124
          ],
          [
            -110.725571,
            43.707603
          ],
          [
            -110.725609,
            43.708183
          ],
          [
            -110.725708,
            43.708755
          ],
          [
            -110.725808,
            43.709137
          ],
          [
            -110.726054,
            43.709814
          ],
          [
            -110.726349,
            43.710426
          ],
          [
            -110.727158,
            43.711761
          ],
          [
            -110.727295,
            43.712032
          ],
          [
            -110.727444,
            43.712405
          ],
          [
            -110.727494,
            43.712532
          ],
          [
            -110.727568,
            43.712787
          ],
          [
            -110.727676,
            43.713161
          ],
          [
            -110.727719,
            43.713455
          ],
          [
            -110.727754,
            43.713689
          ],
          [
            -110.727776,
            43.713917
          ],
          [
            -110.727844,
            43.714603
          ],
          [
            -110.727966,
            43.715176
          ],
          [
            -110.728134,
            43.71574
          ],
          [
            -110.728592,
            43.716846
          ],
          [
            -110.728675,
            43.717268
          ],
          [
            -110.728686,
            43.717324
          ],
          [
            -110.728688,
            43.717357
          ],
          [
            -110.728706,
            43.717712
          ],
          [
            -110.728683,
            43.718002
          ],
          [
            -110.728539,
            43.718571
          ],
          [
            -110.728416,
            43.718849
          ],
          [
            -110.728088,
            43.719379
          ],
          [
            -110.727348,
            43.720402
          ],
          [
            -110.726845,
            43.721184
          ],
          [
            -110.726433,
            43.722
          ],
          [
            -110.726212,
            43.722557
          ],
          [
            -110.726028,
            43.723122
          ],
          [
            -110.725883,
            43.723694
          ],
          [
            -110.725792,
            43.724274
          ],
          [
            -110.725723,
            43.72514
          ],
          [
            -110.725746,
            43.725716
          ],
          [
            -110.7258,
            43.726295
          ],
          [
            -110.725899,
            43.726871
          ],
          [
            -110.726059,
            43.727599
          ],
          [
            -110.726094,
            43.727754
          ],
          [
            -110.726322,
            43.728714
          ],
          [
            -110.726353,
            43.728846
          ],
          [
            -110.726425,
            43.72916
          ],
          [
            -110.726585,
            43.730022
          ],
          [
            -110.726654,
            43.730598
          ],
          [
            -110.7267,
            43.731472
          ],
          [
            -110.726685,
            43.732342
          ],
          [
            -110.726601,
            43.733212
          ],
          [
            -110.726448,
            43.734074
          ],
          [
            -110.726379,
            43.734364
          ],
          [
            -110.726234,
            43.734928
          ],
          [
            -110.726051,
            43.735493
          ],
          [
            -110.725845,
            43.736053
          ],
          [
            -110.725722,
            43.736331
          ],
          [
            -110.725518,
            43.736847
          ],
          [
            -110.725204,
            43.737431
          ],
          [
            -110.725007,
            43.737875
          ],
          [
            -110.724958,
            43.738032
          ],
          [
            -110.72477,
            43.738544
          ],
          [
            -110.724632,
            43.739113
          ],
          [
            -110.724605,
            43.739301
          ],
          [
            -110.724548,
            43.739689
          ],
          [
            -110.724525,
            43.740269
          ],
          [
            -110.724556,
            43.740845
          ],
          [
            -110.724648,
            43.741714
          ],
          [
            -110.724655,
            43.742294
          ],
          [
            -110.724632,
            43.742584
          ],
          [
            -110.724541,
            43.74316
          ],
          [
            -110.724382,
            43.743956
          ],
          [
            -110.724205,
            43.744293
          ],
          [
            -110.723816,
            43.745121
          ],
          [
            -110.723488,
            43.745647
          ],
          [
            -110.723099,
            43.746155
          ],
          [
            -110.722656,
            43.746635
          ],
          [
            -110.722176,
            43.747097
          ],
          [
            -110.721115,
            43.747967
          ],
          [
            -110.720414,
            43.748572
          ],
          [
            -110.719345,
            43.749538
          ],
          [
            -110.719155,
            43.749728
          ],
          [
            -110.718418,
            43.750466
          ],
          [
            -110.717641,
            43.7513
          ],
          [
            -110.716656,
            43.752459
          ],
          [
            -110.715323,
            43.754103
          ],
          [
            -110.715263,
            43.754177
          ],
          [
            -110.714905,
            43.754696
          ],
          [
            -110.714218,
            43.755741
          ],
          [
            -110.713585,
            43.756805
          ],
          [
            -110.713005,
            43.757885
          ],
          [
            -110.712608,
            43.758705
          ],
          [
            -110.712128,
            43.759811
          ],
          [
            -110.71178,
            43.760729
          ],
          [
            -110.711403,
            43.761772
          ],
          [
            -110.711067,
            43.762611
          ],
          [
            -110.710663,
            43.763428
          ],
          [
            -110.710205,
            43.764233
          ],
          [
            -110.709679,
            43.765018
          ],
          [
            -110.708733,
            43.766293
          ],
          [
            -110.708565,
            43.76656
          ],
          [
            -110.708336,
            43.767109
          ],
          [
            -110.708252,
            43.767391
          ],
          [
            -110.708199,
            43.767677
          ],
          [
            -110.708176,
            43.767963
          ],
          [
            -110.708176,
            43.768253
          ],
          [
            -110.708214,
            43.768543
          ],
          [
            -110.708382,
            43.769112
          ],
          [
            -110.708496,
            43.769386
          ],
          [
            -110.708824,
            43.769913
          ],
          [
            -110.70903,
            43.770164
          ],
          [
            -110.709259,
            43.770401
          ],
          [
            -110.709503,
            43.770626
          ],
          [
            -110.710289,
            43.771282
          ],
          [
            -110.7108,
            43.771732
          ],
          [
            -110.711014,
            43.771976
          ],
          [
            -110.711197,
            43.77224
          ],
          [
            -110.711324,
            43.772464
          ],
          [
            -110.711424,
            43.77264
          ],
          [
            -110.711471,
            43.772811
          ],
          [
            -110.711479,
            43.772841
          ],
          [
            -110.711519,
            43.773069
          ],
          [
            -110.711534,
            43.773372
          ],
          [
            -110.711519,
            43.773552
          ],
          [
            -110.711479,
            43.773745
          ],
          [
            -110.711393,
            43.773942
          ],
          [
            -110.711273,
            43.77422
          ],
          [
            -110.711121,
            43.774487
          ],
          [
            -110.71077,
            43.775005
          ],
          [
            -110.710617,
            43.775269
          ],
          [
            -110.710503,
            43.775543
          ],
          [
            -110.710442,
            43.775829
          ],
          [
            -110.710434,
            43.776115
          ],
          [
            -110.710472,
            43.776402
          ],
          [
            -110.710564,
            43.776684
          ],
          [
            -110.711349,
            43.778332
          ],
          [
            -110.711456,
            43.778614
          ],
          [
            -110.711525,
            43.778896
          ],
          [
            -110.711555,
            43.779186
          ],
          [
            -110.711525,
            43.779476
          ],
          [
            -110.711441,
            43.779762
          ],
          [
            -110.711311,
            43.780033
          ],
          [
            -110.711143,
            43.7803
          ],
          [
            -110.710274,
            43.781265
          ],
          [
            -110.710075,
            43.781517
          ],
          [
            -110.70974,
            43.78204
          ],
          [
            -110.709602,
            43.78231
          ],
          [
            -110.709488,
            43.782589
          ],
          [
            -110.709084,
            43.78371
          ],
          [
            -110.708855,
            43.784267
          ],
          [
            -110.708557,
            43.784809
          ],
          [
            -110.708374,
            43.785069
          ],
          [
            -110.707962,
            43.785564
          ],
          [
            -110.707474,
            43.786022
          ],
          [
            -110.706383,
            43.786865
          ],
          [
            -110.705872,
            43.787312
          ],
          [
            -110.705437,
            43.7878
          ],
          [
            -110.705032,
            43.7883
          ],
          [
            -110.704803,
            43.78854
          ],
          [
            -110.704544,
            43.788761
          ],
          [
            -110.704247,
            43.78896
          ],
          [
            -110.703934,
            43.789131
          ],
          [
            -110.702911,
            43.789585
          ],
          [
            -110.702606,
            43.789768
          ],
          [
            -110.702324,
            43.789978
          ],
          [
            -110.702117,
            43.790169
          ],
          [
            -110.701851,
            43.79044
          ],
          [
            -110.701195,
            43.791168
          ],
          [
            -110.700729,
            43.791645
          ],
          [
            -110.700195,
            43.792076
          ],
          [
            -110.699898,
            43.792271
          ],
          [
            -110.699577,
            43.79245
          ],
          [
            -110.698898,
            43.792747
          ],
          [
            -110.698532,
            43.792873
          ],
          [
            -110.698158,
            43.792976
          ],
          [
            -110.69738,
            43.793129
          ],
          [
            -110.696546,
            43.793246
          ],
          [
            -110.696351,
            43.793274
          ],
          [
            -110.696196,
            43.793296
          ],
          [
            -110.695816,
            43.79335
          ],
          [
            -110.695435,
            43.79343
          ],
          [
            -110.694695,
            43.793652
          ],
          [
            -110.693611,
            43.794025
          ],
          [
            -110.69323,
            43.794128
          ],
          [
            -110.692841,
            43.794201
          ],
          [
            -110.692444,
            43.794231
          ],
          [
            -110.692039,
            43.794231
          ],
          [
            -110.691246,
            43.794155
          ],
          [
            -110.690849,
            43.794136
          ],
          [
            -110.690453,
            43.794159
          ],
          [
            -110.690063,
            43.794224
          ],
          [
            -110.689697,
            43.794331
          ],
          [
            -110.689362,
            43.794483
          ],
          [
            -110.689056,
            43.794674
          ],
          [
            -110.688805,
            43.794895
          ],
          [
            -110.688805,
            43.794895
          ],
          [
            -110.68795,
            43.795883
          ],
          [
            -110.687698,
            43.796108
          ],
          [
            -110.686836,
            43.796711
          ],
          [
            -110.686569,
            43.796928
          ],
          [
            -110.686104,
            43.797398
          ],
          [
            -110.685905,
            43.797649
          ],
          [
            -110.68573,
            43.797909
          ],
          [
            -110.685585,
            43.79818
          ],
          [
            -110.685471,
            43.798454
          ],
          [
            -110.685303,
            43.799019
          ],
          [
            -110.685089,
            43.799877
          ],
          [
            -110.68499,
            43.800159
          ],
          [
            -110.684845,
            43.800434
          ],
          [
            -110.684654,
            43.800694
          ],
          [
            -110.684433,
            43.80093
          ],
          [
            -110.684166,
            43.801151
          ],
          [
            -110.683868,
            43.801342
          ],
          [
            -110.68354,
            43.80151
          ],
          [
            -110.683338,
            43.801587
          ],
          [
            -110.682816,
            43.80175
          ],
          [
            -110.682426,
            43.801823
          ],
          [
            -110.68203,
            43.801857
          ],
          [
            -110.681858,
            43.801857
          ],
          [
            -110.681625,
            43.801857
          ],
          [
            -110.681433,
            43.801842
          ],
          [
            -110.681229,
            43.801826
          ],
          [
            -110.68045,
            43.801693
          ],
          [
            -110.679291,
            43.801472
          ],
          [
            -110.678894,
            43.801437
          ],
          [
            -110.678497,
            43.801449
          ],
          [
            -110.677704,
            43.801537
          ],
          [
            -110.677307,
            43.801559
          ],
          [
            -110.676903,
            43.801537
          ],
          [
            -110.676514,
            43.801468
          ],
          [
            -110.67614,
            43.801357
          ],
          [
            -110.675812,
            43.801201
          ],
          [
            -110.674629,
            43.800423
          ],
          [
            -110.674309,
            43.800255
          ],
          [
            -110.673958,
            43.800125
          ],
          [
            -110.673576,
            43.800034
          ],
          [
            -110.672012,
            43.799759
          ],
          [
            -110.671631,
            43.799679
          ],
          [
            -110.671257,
            43.799568
          ],
          [
            -110.670906,
            43.799423
          ],
          [
            -110.670586,
            43.799248
          ],
          [
            -110.670288,
            43.799053
          ],
          [
            -110.669724,
            43.798634
          ],
          [
            -110.669144,
            43.798244
          ],
          [
            -110.668831,
            43.798069
          ],
          [
            -110.668503,
            43.797913
          ],
          [
            -110.668152,
            43.797775
          ],
          [
            -110.667786,
            43.797657
          ],
          [
            -110.665901,
            43.797193
          ],
          [
            -110.665498,
            43.797099
          ],
          [
            -110.665112,
            43.797055
          ],
          [
            -110.664726,
            43.797042
          ],
          [
            -110.664303,
            43.79708
          ],
          [
            -110.663784,
            43.797196
          ],
          [
            -110.663216,
            43.797358
          ],
          [
            -110.661069,
            43.798041
          ],
          [
            -110.659098,
            43.798653
          ],
          [
            -110.658928,
            43.798706
          ],
          [
            -110.65875,
            43.798762
          ],
          [
            -110.658177,
            43.798942
          ],
          [
            -110.658016,
            43.798993
          ],
          [
            -110.657871,
            43.799039
          ],
          [
            -110.656611,
            43.799438
          ],
          [
            -110.655872,
            43.799708
          ],
          [
            -110.655525,
            43.799874
          ],
          [
            -110.653982,
            43.80069
          ],
          [
            -110.653602,
            43.800862
          ],
          [
            -110.65331,
            43.800962
          ],
          [
            -110.652974,
            43.801042
          ],
          [
            -110.652659,
            43.801086
          ],
          [
            -110.652396,
            43.801099
          ],
          [
            -110.64994,
            43.801047
          ],
          [
            -110.648811,
            43.801023
          ],
          [
            -110.648053,
            43.801062
          ],
          [
            -110.647647,
            43.8011
          ],
          [
            -110.646865,
            43.801265
          ],
          [
            -110.64614,
            43.801472
          ],
          [
            -110.642271,
            43.802801
          ],
          [
            -110.642224,
            43.802817
          ],
          [
            -110.642066,
            43.802872
          ],
          [
            -110.641815,
            43.802959
          ],
          [
            -110.640826,
            43.803304
          ],
          [
            -110.640636,
            43.80337
          ],
          [
            -110.640499,
            43.803417
          ],
          [
            -110.632786,
            43.806095
          ],
          [
            -110.628784,
            43.807459
          ],
          [
            -110.628594,
            43.807524
          ],
          [
            -110.628388,
            43.807591
          ],
          [
            -110.624401,
            43.8089
          ],
          [
            -110.624054,
            43.809035
          ],
          [
            -110.623402,
            43.809312
          ],
          [
            -110.622752,
            43.809686
          ],
          [
            -110.622494,
            43.80985
          ],
          [
            -110.622178,
            43.810083
          ],
          [
            -110.621869,
            43.810318
          ],
          [
            -110.621652,
            43.81049
          ],
          [
            -110.619186,
            43.812435
          ],
          [
            -110.618965,
            43.812679
          ],
          [
            -110.618782,
            43.812935
          ],
          [
            -110.618645,
            43.813206
          ],
          [
            -110.61665,
            43.818472
          ],
          [
            -110.615012,
            43.822962
          ],
          [
            -110.614693,
            43.823849
          ],
          [
            -110.614662,
            43.824135
          ],
          [
            -110.61467,
            43.826712
          ],
          [
            -110.614717,
            43.828207
          ],
          [
            -110.614691,
            43.828615
          ],
          [
            -110.614645,
            43.828939
          ],
          [
            -110.614546,
            43.829279
          ],
          [
            -110.614415,
            43.829596
          ],
          [
            -110.614182,
            43.830067
          ],
          [
            -110.611355,
            43.83537
          ],
          [
            -110.611231,
            43.835545
          ],
          [
            -110.611129,
            43.835812
          ],
          [
            -110.611028,
            43.836017
          ],
          [
            -110.610974,
            43.836187
          ],
          [
            -110.610947,
            43.836342
          ],
          [
            -110.61091,
            43.836601
          ],
          [
            -110.61091,
            43.836771
          ],
          [
            -110.610926,
            43.836883
          ],
          [
            -110.610952,
            43.837019
          ],
          [
            -110.610969,
            43.837162
          ],
          [
            -110.611022,
            43.837328
          ],
          [
            -110.611113,
            43.837537
          ],
          [
            -110.611335,
            43.837917
          ],
          [
            -110.611416,
            43.838089
          ],
          [
            -110.611484,
            43.838262
          ],
          [
            -110.611533,
            43.83841
          ],
          [
            -110.611572,
            43.838552
          ],
          [
            -110.611586,
            43.838701
          ],
          [
            -110.611593,
            43.83885
          ],
          [
            -110.611589,
            43.83899
          ],
          [
            -110.611567,
            43.839161
          ],
          [
            -110.611442,
            43.839623
          ],
          [
            -110.611077,
            43.840675
          ],
          [
            -110.61093,
            43.841101
          ],
          [
            -110.610589,
            43.842037
          ],
          [
            -110.610422,
            43.842485
          ],
          [
            -110.610141,
            43.843241
          ],
          [
            -110.609904,
            43.843633
          ],
          [
            -110.609729,
            43.843821
          ],
          [
            -110.609517,
            43.844003
          ],
          [
            -110.609292,
            43.84416
          ],
          [
            -110.608866,
            43.84437
          ],
          [
            -110.608638,
            43.844453
          ],
          [
            -110.608404,
            43.844519
          ],
          [
            -110.608147,
            43.844568
          ],
          [
            -110.607709,
            43.844612
          ],
          [
            -110.607205,
            43.844605
          ],
          [
            -110.605981,
            43.844546
          ],
          [
            -110.605692,
            43.844545
          ],
          [
            -110.605132,
            43.844572
          ],
          [
            -110.601899,
            43.845017
          ],
          [
            -110.601418,
            43.84507
          ],
          [
            -110.599838,
            43.845291
          ],
          [
            -110.599068,
            43.845436
          ],
          [
            -110.598686,
            43.845531
          ],
          [
            -110.59832,
            43.845642
          ],
          [
            -110.59761,
            43.845905
          ],
          [
            -110.597293,
            43.84607
          ],
          [
            -110.596649,
            43.846425
          ],
          [
            -110.595739,
            43.847085
          ],
          [
            -110.594609,
            43.848092
          ],
          [
            -110.594497,
            43.848193
          ],
          [
            -110.594034,
            43.848623
          ],
          [
            -110.593822,
            43.848872
          ],
          [
            -110.593643,
            43.849107
          ],
          [
            -110.593494,
            43.849363
          ],
          [
            -110.593422,
            43.849506
          ],
          [
            -110.593392,
            43.849576
          ],
          [
            -110.593259,
            43.849899
          ],
          [
            -110.592848,
            43.851173
          ],
          [
            -110.59246,
            43.852329
          ],
          [
            -110.592248,
            43.852889
          ],
          [
            -110.59206,
            43.853333
          ],
          [
            -110.591844,
            43.853784
          ],
          [
            -110.591703,
            43.854037
          ],
          [
            -110.591565,
            43.854256
          ],
          [
            -110.591394,
            43.854421
          ],
          [
            -110.590754,
            43.854902
          ],
          [
            -110.590039,
            43.855402
          ],
          [
            -110.589854,
            43.855562
          ],
          [
            -110.589688,
            43.855736
          ],
          [
            -110.589552,
            43.855933
          ],
          [
            -110.589478,
            43.856163
          ],
          [
            -110.58947,
            43.856453
          ],
          [
            -110.589498,
            43.856603
          ],
          [
            -110.589523,
            43.856739
          ],
          [
            -110.589551,
            43.856843
          ],
          [
            -110.589567,
            43.856902
          ],
          [
            -110.589586,
            43.856969
          ],
          [
            -110.589592,
            43.857003
          ],
          [
            -110.589608,
            43.857047
          ],
          [
            -110.589685,
            43.85724
          ],
          [
            -110.589871,
            43.857925
          ],
          [
            -110.58989,
            43.858162
          ],
          [
            -110.589996,
            43.858742
          ],
          [
            -110.590019,
            43.859032
          ],
          [
            -110.590027,
            43.859322
          ],
          [
            -110.590004,
            43.859612
          ],
          [
            -110.589928,
            43.859901
          ],
          [
            -110.589813,
            43.86018
          ],
          [
            -110.589606,
            43.860517
          ],
          [
            -110.589462,
            43.860703
          ],
          [
            -110.589226,
            43.860935
          ],
          [
            -110.588959,
            43.861145
          ],
          [
            -110.588835,
            43.861223
          ],
          [
            -110.588654,
            43.861336
          ],
          [
            -110.588318,
            43.861492
          ],
          [
            -110.588139,
            43.861554
          ],
          [
            -110.587952,
            43.861618
          ],
          [
            -110.587578,
            43.861713
          ],
          [
            -110.587189,
            43.861774
          ],
          [
            -110.586784,
            43.861801
          ],
          [
            -110.586388,
            43.861794
          ],
          [
            -110.585991,
            43.861763
          ],
          [
            -110.583214,
            43.8615
          ],
          [
            -110.582817,
            43.861481
          ],
          [
            -110.582016,
            43.861504
          ],
          [
            -110.581619,
            43.861546
          ],
          [
            -110.580055,
            43.861809
          ],
          [
            -110.579659,
            43.861858
          ],
          [
            -110.576196,
            43.862154
          ],
          [
            -110.575691,
            43.862228
          ],
          [
            -110.57531,
            43.862316
          ],
          [
            -110.574936,
            43.862419
          ],
          [
            -110.574577,
            43.862541
          ],
          [
            -110.574226,
            43.862686
          ],
          [
            -110.573898,
            43.862846
          ],
          [
            -110.573578,
            43.863022
          ],
          [
            -110.573288,
            43.863216
          ],
          [
            -110.573006,
            43.863426
          ],
          [
            -110.572754,
            43.863651
          ],
          [
            -110.572525,
            43.863888
          ],
          [
            -110.570651,
            43.865966
          ],
          [
            -110.570562,
            43.866065
          ],
          [
            -110.571171,
            43.866475
          ],
          [
            -110.571358,
            43.866618
          ],
          [
            -110.571554,
            43.866798
          ],
          [
            -110.571681,
            43.866941
          ],
          [
            -110.572033,
            43.867421
          ],
          [
            -110.57219,
            43.867686
          ],
          [
            -110.572466,
            43.868248
          ],
          [
            -110.572836,
            43.86894
          ],
          [
            -110.573092,
            43.869455
          ],
          [
            -110.573173,
            43.869678
          ],
          [
            -110.573284,
            43.870053
          ],
          [
            -110.573341,
            43.870468
          ],
          [
            -110.57341,
            43.871041
          ],
          [
            -110.573386,
            43.871477
          ],
          [
            -110.57334,
            43.87176
          ],
          [
            -110.573281,
            43.872007
          ],
          [
            -110.57321,
            43.872217
          ],
          [
            -110.573138,
            43.872406
          ],
          [
            -110.572975,
            43.872746
          ],
          [
            -110.572477,
            43.873703
          ],
          [
            -110.572172,
            43.874364
          ],
          [
            -110.571898,
            43.874936
          ],
          [
            -110.571673,
            43.87552
          ],
          [
            -110.571518,
            43.876097
          ],
          [
            -110.571449,
            43.876339
          ],
          [
            -110.571423,
            43.876606
          ],
          [
            -110.571365,
            43.877201
          ],
          [
            -110.571365,
            43.877785
          ],
          [
            -110.571401,
            43.87813
          ],
          [
            -110.571426,
            43.878365
          ],
          [
            -110.571526,
            43.878937
          ],
          [
            -110.571669,
            43.879532
          ],
          [
            -110.571792,
            43.879826
          ],
          [
            -110.57214,
            43.880742
          ],
          [
            -110.572196,
            43.880943
          ],
          [
            -110.572247,
            43.88116
          ],
          [
            -110.572256,
            43.881362
          ],
          [
            -110.572249,
            43.881547
          ],
          [
            -110.572208,
            43.881808
          ],
          [
            -110.57209,
            43.882362
          ],
          [
            -110.571991,
            43.882703
          ],
          [
            -110.571916,
            43.882997
          ],
          [
            -110.571827,
            43.883467
          ],
          [
            -110.571781,
            43.883786
          ],
          [
            -110.571772,
            43.884085
          ],
          [
            -110.571762,
            43.884369
          ],
          [
            -110.571823,
            43.885239
          ],
          [
            -110.57206,
            43.886677
          ],
          [
            -110.572075,
            43.886967
          ],
          [
            -110.572044,
            43.887547
          ],
          [
            -110.572006,
            43.887836
          ],
          [
            -110.571938,
            43.888123
          ],
          [
            -110.571404,
            43.889824
          ],
          [
            -110.571289,
            43.890396
          ],
          [
            -110.571236,
            43.890976
          ],
          [
            -110.571266,
            43.891745
          ],
          [
            -110.57132,
            43.892136
          ],
          [
            -110.571442,
            43.892708
          ],
          [
            -110.571632,
            43.893272
          ],
          [
            -110.571747,
            43.893547
          ],
          [
            -110.571869,
            43.893822
          ],
          [
            -110.572174,
            43.89436
          ],
          [
            -110.572525,
            43.894878
          ],
          [
            -110.572723,
            43.89513
          ],
          [
            -110.573135,
            43.89563
          ],
          [
            -110.573792,
            43.896362
          ],
          [
            -110.574249,
            43.896835
          ],
          [
            -110.574738,
            43.897301
          ],
          [
            -110.575768,
            43.898193
          ],
          [
            -110.576859,
            43.89904
          ],
          [
            -110.578021,
            43.899796
          ],
          [
            -110.578306,
            43.899991
          ],
          [
            -110.579609,
            43.900787
          ],
          [
            -110.580173,
            43.90109
          ],
          [
            -110.5812,
            43.901604
          ],
          [
            -110.581879,
            43.901913
          ],
          [
            -110.583267,
            43.902493
          ],
          [
            -110.584709,
            43.903008
          ],
          [
            -110.585846,
            43.903366
          ],
          [
            -110.586845,
            43.903637
          ],
          [
            -110.588136,
            43.903957
          ],
          [
            -110.588463,
            43.904034
          ],
          [
            -110.589233,
            43.90419
          ],
          [
            -110.590012,
            43.904327
          ],
          [
            -110.591187,
            43.904503
          ],
          [
            -110.592337,
            43.904632
          ],
          [
            -110.593065,
            43.904693
          ],
          [
            -110.593987,
            43.904736
          ],
          [
            -110.594788,
            43.904755
          ],
          [
            -110.595993,
            43.904743
          ],
          [
            -110.596794,
            43.904709
          ],
          [
            -110.597992,
            43.904613
          ],
          [
            -110.598785,
            43.904526
          ],
          [
            -110.600052,
            43.904338
          ],
          [
            -110.60071,
            43.904222
          ],
          [
            -110.601509,
            43.904053
          ],
          [
            -110.602272,
            43.903873
          ],
          [
            -110.604904,
            43.903149
          ],
          [
            -110.605659,
            43.902973
          ],
          [
            -110.606445,
            43.902847
          ],
          [
            -110.606842,
            43.902802
          ],
          [
            -110.607651,
            43.902752
          ],
          [
            -110.608047,
            43.902752
          ],
          [
            -110.608444,
            43.90276
          ],
          [
            -110.609245,
            43.902821
          ],
          [
            -110.610039,
            43.902931
          ],
          [
            -110.610435,
            43.903011
          ],
          [
            -110.610817,
            43.903099
          ],
          [
            -110.611572,
            43.903316
          ],
          [
            -110.613022,
            43.903782
          ],
          [
            -110.614136,
            43.90411
          ],
          [
            -110.614899,
            43.904282
          ],
          [
            -110.615677,
            43.904411
          ],
          [
            -110.61647,
            43.904503
          ],
          [
            -110.617264,
            43.904545
          ],
          [
            -110.618073,
            43.904545
          ],
          [
            -110.619851,
            43.904515
          ],
          [
            -110.620483,
            43.904507
          ],
          [
            -110.62088,
            43.904518
          ],
          [
            -110.62166,
            43.904585
          ],
          [
            -110.622312,
            43.904706
          ],
          [
            -110.622831,
            43.904842
          ],
          [
            -110.62319,
            43.904968
          ],
          [
            -110.623541,
            43.905109
          ],
          [
            -110.623869,
            43.905273
          ],
          [
            -110.624182,
            43.905457
          ],
          [
            -110.624472,
            43.905655
          ],
          [
            -110.624746,
            43.905865
          ],
          [
            -110.624998,
            43.90609
          ],
          [
            -110.625227,
            43.90633
          ],
          [
            -110.625433,
            43.906578
          ],
          [
            -110.626364,
            43.907856
          ],
          [
            -110.626966,
            43.908611
          ],
          [
            -110.627615,
            43.909344
          ],
          [
            -110.62808,
            43.909821
          ],
          [
            -110.628786,
            43.910529
          ],
          [
            -110.629221,
            43.910978
          ],
          [
            -110.629626,
            43.911441
          ],
          [
            -110.630023,
            43.911841
          ],
          [
            -110.630522,
            43.912292
          ],
          [
            -110.631697,
            43.913333
          ],
          [
            -110.632477,
            43.913975
          ],
          [
            -110.634143,
            43.915326
          ],
          [
            -110.634613,
            43.915707
          ],
          [
            -110.635353,
            43.916393
          ],
          [
            -110.63578,
            43.916885
          ],
          [
            -110.635956,
            43.917149
          ],
          [
            -110.63623,
            43.917698
          ],
          [
            -110.636391,
            43.918266
          ],
          [
            -110.636436,
            43.918556
          ],
          [
            -110.636436,
            43.918842
          ],
          [
            -110.636414,
            43.919132
          ],
          [
            -110.63636,
            43.919418
          ],
          [
            -110.636234,
            43.919806
          ],
          [
            -110.636169,
            43.919975
          ],
          [
            -110.636024,
            43.920246
          ],
          [
            -110.635857,
            43.920509
          ],
          [
            -110.635658,
            43.920761
          ],
          [
            -110.635111,
            43.921448
          ],
          [
            -110.634461,
            43.922186
          ],
          [
            -110.633965,
            43.922729
          ],
          [
            -110.633636,
            43.92326
          ],
          [
            -110.633347,
            43.923801
          ],
          [
            -110.633217,
            43.924076
          ],
          [
            -110.633118,
            43.924351
          ],
          [
            -110.63295,
            43.924915
          ],
          [
            -110.632869,
            43.925305
          ],
          [
            -110.632835,
            43.925484
          ],
          [
            -110.632782,
            43.92606
          ],
          [
            -110.632775,
            43.926459
          ],
          [
            -110.632767,
            43.926929
          ],
          [
            -110.632683,
            43.928093
          ],
          [
            -110.632629,
            43.928387
          ],
          [
            -110.632484,
            43.928951
          ],
          [
            -110.63195,
            43.930649
          ],
          [
            -110.631828,
            43.931217
          ],
          [
            -110.63179,
            43.931515
          ],
          [
            -110.631767,
            43.932087
          ],
          [
            -110.631775,
            43.932377
          ],
          [
            -110.631866,
            43.933533
          ],
          [
            -110.631851,
            43.933826
          ],
          [
            -110.631805,
            43.934116
          ],
          [
            -110.63163,
            43.934685
          ],
          [
            -110.631485,
            43.934956
          ],
          [
            -110.631302,
            43.935211
          ],
          [
            -110.631088,
            43.935455
          ],
          [
            -110.630615,
            43.935925
          ],
          [
            -110.63052,
            43.936025
          ],
          [
            -110.630165,
            43.936398
          ],
          [
            -110.630063,
            43.936532
          ],
          [
            -110.629836,
            43.936877
          ],
          [
            -110.629816,
            43.936917
          ],
          [
            -110.629684,
            43.937187
          ],
          [
            -110.629572,
            43.937539
          ],
          [
            -110.629532,
            43.937756
          ],
          [
            -110.629532,
            43.938332
          ],
          [
            -110.629898,
            43.94035
          ],
          [
            -110.629959,
            43.940933
          ],
          [
            -110.629929,
            43.941807
          ],
          [
            -110.629868,
            43.942387
          ],
          [
            -110.62986,
            43.942677
          ],
          [
            -110.62989,
            43.942966
          ],
          [
            -110.629967,
            43.943253
          ],
          [
            -110.630081,
            43.943531
          ],
          [
            -110.630241,
            43.943794
          ],
          [
            -110.63044,
            43.944042
          ],
          [
            -110.630551,
            43.944153
          ],
          [
            -110.630676,
            43.944279
          ],
          [
            -110.630943,
            43.944489
          ],
          [
            -110.631248,
            43.944675
          ],
          [
            -110.631569,
            43.944843
          ],
          [
            -110.632973,
            43.945419
          ],
          [
            -110.633301,
            43.945591
          ],
          [
            -110.633614,
            43.945774
          ],
          [
            -110.633896,
            43.94598
          ],
          [
            -110.634155,
            43.946209
          ],
          [
            -110.634377,
            43.946449
          ],
          [
            -110.634583,
            43.946705
          ],
          [
            -110.634758,
            43.946964
          ],
          [
            -110.635071,
            43.947498
          ],
          [
            -110.635452,
            43.948326
          ],
          [
            -110.635852,
            43.94939
          ],
          [
            -110.635992,
            43.9499
          ],
          [
            -110.636063,
            43.950302
          ],
          [
            -110.636086,
            43.950592
          ],
          [
            -110.636032,
            43.951172
          ],
          [
            -110.635956,
            43.951458
          ],
          [
            -110.635849,
            43.951736
          ],
          [
            -110.635353,
            43.952839
          ],
          [
            -110.635269,
            43.953117
          ],
          [
            -110.635216,
            43.953407
          ],
          [
            -110.635207,
            43.953584
          ],
          [
            -110.635223,
            43.953983
          ],
          [
            -110.635292,
            43.954266
          ],
          [
            -110.635391,
            43.954552
          ],
          [
            -110.635513,
            43.954826
          ],
          [
            -110.636398,
            43.956444
          ],
          [
            -110.636673,
            43.956993
          ],
          [
            -110.636764,
            43.95723
          ],
          [
            -110.636833,
            43.957561
          ],
          [
            -110.636839,
            43.957672
          ],
          [
            -110.636848,
            43.957855
          ],
          [
            -110.636833,
            43.958145
          ],
          [
            -110.636787,
            43.958435
          ],
          [
            -110.635925,
            43.961571
          ],
          [
            -110.635826,
            43.962139
          ],
          [
            -110.635826,
            43.962429
          ],
          [
            -110.635864,
            43.962711
          ],
          [
            -110.636024,
            43.96328
          ],
          [
            -110.63636,
            43.964119
          ],
          [
            -110.636757,
            43.964939
          ],
          [
            -110.637207,
            43.965748
          ],
          [
            -110.63755,
            43.966274
          ],
          [
            -110.637932,
            43.966782
          ],
          [
            -110.638168,
            43.967018
          ],
          [
            -110.638428,
            43.967232
          ],
          [
            -110.638725,
            43.96743
          ],
          [
            -110.639046,
            43.967602
          ],
          [
            -110.639748,
            43.96788
          ],
          [
            -110.640465,
            43.968151
          ],
          [
            -110.640808,
            43.968304
          ],
          [
            -110.641129,
            43.968483
          ],
          [
            -110.641418,
            43.968685
          ],
          [
            -110.641678,
            43.96891
          ],
          [
            -110.641899,
            43.969154
          ],
          [
            -110.64209,
            43.969414
          ],
          [
            -110.64238,
            43.969959
          ],
          [
            -110.64262,
            43.970507
          ],
          [
            -110.642769,
            43.970779
          ],
          [
            -110.643097,
            43.971306
          ],
          [
            -110.643288,
            43.971558
          ],
          [
            -110.64373,
            43.972038
          ],
          [
            -110.643849,
            43.972148
          ],
          [
            -110.644226,
            43.972496
          ],
          [
            -110.644775,
            43.972923
          ],
          [
            -110.645065,
            43.973122
          ],
          [
            -110.645699,
            43.973463
          ],
          [
            -110.646027,
            43.97364
          ],
          [
            -110.646711,
            43.973934
          ],
          [
            -110.647079,
            43.974068
          ],
          [
            -110.647812,
            43.974297
          ],
          [
            -110.650154,
            43.974951
          ],
          [
            -110.651011,
            43.975193
          ],
          [
            -110.652679,
            43.975677
          ],
          [
            -110.653763,
            43.976067
          ],
          [
            -110.654793,
            43.976528
          ],
          [
            -110.656082,
            43.977215
          ],
          [
            -110.656998,
            43.977783
          ],
          [
            -110.657845,
            43.978401
          ],
          [
            -110.658379,
            43.97884
          ],
          [
            -110.659904,
            43.980186
          ],
          [
            -110.660554,
            43.98066
          ],
          [
            -110.663072,
            43.982346
          ],
          [
            -110.663689,
            43.982784
          ],
          [
            -110.663948,
            43.983006
          ],
          [
            -110.664406,
            43.983482
          ],
          [
            -110.664597,
            43.983742
          ],
          [
            -110.665115,
            43.984528
          ],
          [
            -110.667953,
            43.989017
          ],
          [
            -110.668442,
            43.989819
          ],
          [
            -110.668625,
            43.990074
          ],
          [
            -110.668831,
            43.990322
          ],
          [
            -110.669075,
            43.990547
          ],
          [
            -110.670143,
            43.991413
          ],
          [
            -110.670395,
            43.991646
          ],
          [
            -110.670616,
            43.99189
          ],
          [
            -110.67099,
            43.992401
          ],
          [
            -110.671544,
            43.993297
          ],
          [
            -110.6724,
            43.994714
          ],
          [
            -110.672607,
            43.995056
          ],
          [
            -110.672806,
            43.995308
          ],
          [
            -110.673035,
            43.995548
          ],
          [
            -110.673286,
            43.99577
          ],
          [
            -110.673561,
            43.995983
          ],
          [
            -110.674477,
            43.996552
          ],
          [
            -110.675064,
            43.996948
          ],
          [
            -110.675636,
            43.997356
          ],
          [
            -110.675911,
            43.997574
          ],
          [
            -110.676155,
            43.997803
          ],
          [
            -110.67665,
            43.998387
          ],
          [
            -110.676908,
            43.998831
          ],
          [
            -110.677101,
            43.999321
          ],
          [
            -110.677246,
            43.999935
          ],
          [
            -110.677407,
            44.000783
          ],
          [
            -110.678158,
            44.004538
          ],
          [
            -110.678375,
            44.005104
          ],
          [
            -110.678535,
            44.005363
          ],
          [
            -110.678734,
            44.005615
          ],
          [
            -110.67897,
            44.005852
          ],
          [
            -110.67923,
            44.006073
          ],
          [
            -110.679512,
            44.006279
          ],
          [
            -110.679825,
            44.006462
          ],
          [
            -110.680153,
            44.00663
          ],
          [
            -110.680504,
            44.006767
          ],
          [
            -110.680878,
            44.006886
          ],
          [
            -110.681252,
            44.006977
          ],
          [
            -110.681641,
            44.007042
          ],
          [
            -110.682037,
            44.007084
          ],
          [
            -110.682542,
            44.007097
          ],
          [
            -110.682838,
            44.007092
          ],
          [
            -110.683235,
            44.007053
          ],
          [
            -110.683624,
            44.006996
          ],
          [
            -110.684395,
            44.00684
          ],
          [
            -110.685181,
            44.006691
          ],
          [
            -110.6855,
            44.00665
          ],
          [
            -110.68557,
            44.006641
          ],
          [
            -110.686065,
            44.006575
          ],
          [
            -110.686435,
            44.006587
          ],
          [
            -110.6868,
            44.006606
          ],
          [
            -110.687229,
            44.006645
          ],
          [
            -110.687653,
            44.006753
          ],
          [
            -110.687991,
            44.006849
          ],
          [
            -110.688329,
            44.006969
          ],
          [
            -110.688753,
            44.007154
          ],
          [
            -110.689032,
            44.007312
          ],
          [
            -110.689375,
            44.007551
          ],
          [
            -110.689638,
            44.007752
          ],
          [
            -110.689879,
            44.007987
          ],
          [
            -110.690094,
            44.00825
          ],
          [
            -110.690233,
            44.008493
          ],
          [
            -110.690373,
            44.008798
          ],
          [
            -110.690534,
            44.009079
          ],
          [
            -110.692127,
            44.012691
          ],
          [
            -110.692856,
            44.014488
          ],
          [
            -110.693237,
            44.015395
          ],
          [
            -110.693382,
            44.015734
          ],
          [
            -110.693699,
            44.016282
          ],
          [
            -110.694434,
            44.017521
          ],
          [
            -110.694734,
            44.018022
          ],
          [
            -110.694906,
            44.018539
          ],
          [
            -110.694991,
            44.018882
          ],
          [
            -110.69505,
            44.01921
          ],
          [
            -110.69505,
            44.019719
          ],
          [
            -110.694997,
            44.020217
          ],
          [
            -110.694879,
            44.020699
          ],
          [
            -110.694766,
            44.021016
          ],
          [
            -110.694541,
            44.021463
          ],
          [
            -110.694085,
            44.022296
          ],
          [
            -110.69364,
            44.023083
          ],
          [
            -110.693414,
            44.023642
          ],
          [
            -110.693307,
            44.023951
          ],
          [
            -110.693184,
            44.024456
          ],
          [
            -110.693119,
            44.024935
          ],
          [
            -110.693055,
            44.025332
          ],
          [
            -110.693062,
            44.02589
          ],
          [
            -110.693291,
            44.027326
          ],
          [
            -110.693559,
            44.029332
          ],
          [
            -110.693623,
            44.029902
          ],
          [
            -110.693629,
            44.030234
          ],
          [
            -110.693597,
            44.030531
          ],
          [
            -110.693522,
            44.03099
          ],
          [
            -110.693398,
            44.031445
          ],
          [
            -110.693323,
            44.031688
          ],
          [
            -110.692917,
            44.032482
          ],
          [
            -110.692825,
            44.032764
          ],
          [
            -110.692703,
            44.033337
          ],
          [
            -110.692651,
            44.033659
          ],
          [
            -110.692652,
            44.033744
          ],
          [
            -110.692657,
            44.034203
          ],
          [
            -110.692787,
            44.035069
          ],
          [
            -110.693687,
            44.039661
          ],
          [
            -110.69384,
            44.040524
          ],
          [
            -110.693871,
            44.040813
          ],
          [
            -110.693878,
            44.041103
          ],
          [
            -110.693855,
            44.041393
          ],
          [
            -110.693825,
            44.041683
          ],
          [
            -110.693764,
            44.041965
          ],
          [
            -110.693581,
            44.042534
          ],
          [
            -110.693451,
            44.042812
          ],
          [
            -110.693153,
            44.043346
          ],
          [
            -110.692782,
            44.043958
          ],
          [
            -110.691904,
            44.045418
          ],
          [
            -110.691678,
            44.045857
          ],
          [
            -110.691454,
            44.046361
          ],
          [
            -110.691345,
            44.046633
          ],
          [
            -110.691253,
            44.046919
          ],
          [
            -110.691177,
            44.047221
          ],
          [
            -110.691097,
            44.047699
          ],
          [
            -110.691011,
            44.048548
          ],
          [
            -110.690941,
            44.05031
          ],
          [
            -110.690882,
            44.051058
          ],
          [
            -110.690796,
            44.051582
          ],
          [
            -110.690705,
            44.052237
          ],
          [
            -110.690646,
            44.052616
          ],
          [
            -110.6903,
            44.054947
          ],
          [
            -110.690132,
            44.056393
          ],
          [
            -110.690063,
            44.057552
          ],
          [
            -110.690004,
            44.059261
          ],
          [
            -110.689968,
            44.059574
          ],
          [
            -110.689934,
            44.059872
          ],
          [
            -110.689804,
            44.060452
          ],
          [
            -110.68972,
            44.060738
          ],
          [
            -110.689499,
            44.061295
          ],
          [
            -110.689369,
            44.061573
          ],
          [
            -110.689232,
            44.061848
          ],
          [
            -110.688982,
            44.062261
          ],
          [
            -110.688571,
            44.062912
          ],
          [
            -110.688019,
            44.063675
          ],
          [
            -110.687599,
            44.064175
          ],
          [
            -110.687149,
            44.064655
          ],
          [
            -110.686417,
            44.06535
          ],
          [
            -110.685898,
            44.065792
          ],
          [
            -110.685349,
            44.066219
          ],
          [
            -110.684563,
            44.066875
          ],
          [
            -110.684105,
            44.067348
          ],
          [
            -110.683731,
            44.06786
          ],
          [
            -110.683731,
            44.06786
          ],
          [
            -110.683426,
            44.068398
          ],
          [
            -110.683205,
            44.068951
          ],
          [
            -110.683075,
            44.069523
          ],
          [
            -110.683037,
            44.069809
          ],
          [
            -110.683029,
            44.070099
          ],
          [
            -110.683098,
            44.070679
          ],
          [
            -110.683238,
            44.071257
          ],
          [
            -110.683946,
            44.073994
          ],
          [
            -110.684187,
            44.074849
          ],
          [
            -110.68423,
            44.075242
          ],
          [
            -110.684303,
            44.075829
          ],
          [
            -110.684319,
            44.076408
          ],
          [
            -110.684296,
            44.076992
          ],
          [
            -110.684235,
            44.077572
          ],
          [
            -110.684189,
            44.077862
          ],
          [
            -110.684059,
            44.078434
          ],
          [
            -110.683884,
            44.078999
          ],
          [
            -110.68367,
            44.079559
          ],
          [
            -110.683395,
            44.080105
          ],
          [
            -110.683075,
            44.080639
          ],
          [
            -110.682709,
            44.081154
          ],
          [
            -110.682503,
            44.081406
          ],
          [
            -110.681824,
            44.082127
          ],
          [
            -110.681467,
            44.082434
          ],
          [
            -110.681305,
            44.082569
          ],
          [
            -110.680733,
            44.082981
          ],
          [
            -110.678929,
            44.084138
          ],
          [
            -110.678342,
            44.084535
          ],
          [
            -110.6778,
            44.084962
          ],
          [
            -110.677312,
            44.08542
          ],
          [
            -110.676869,
            44.085904
          ],
          [
            -110.676484,
            44.086441
          ],
          [
            -110.673727,
            44.090117
          ],
          [
            -110.671307,
            44.093361
          ],
          [
            -110.670637,
            44.094274
          ],
          [
            -110.670039,
            44.095067
          ],
          [
            -110.669543,
            44.095807
          ],
          [
            -110.669199,
            44.096381
          ],
          [
            -110.668218,
            44.09813
          ],
          [
            -110.667703,
            44.099045
          ],
          [
            -110.667369,
            44.099605
          ],
          [
            -110.667066,
            44.100197
          ],
          [
            -110.666896,
            44.100507
          ],
          [
            -110.66581,
            44.102314
          ],
          [
            -110.665672,
            44.102585
          ],
          [
            -110.665543,
            44.102859
          ],
          [
            -110.665443,
            44.103138
          ],
          [
            -110.665375,
            44.10342
          ],
          [
            -110.665329,
            44.103706
          ],
          [
            -110.665314,
            44.104286
          ],
          [
            -110.665432,
            44.105729
          ],
          [
            -110.665471,
            44.106746
          ],
          [
            -110.665573,
            44.109509
          ],
          [
            -110.665565,
            44.110378
          ],
          [
            -110.66555,
            44.110668
          ],
          [
            -110.665428,
            44.11182
          ],
          [
            -110.665276,
            44.112686
          ],
          [
            -110.665077,
            44.113548
          ],
          [
            -110.664833,
            44.114403
          ],
          [
            -110.664475,
            44.115357
          ],
          [
            -110.664307,
            44.115803
          ],
          [
            -110.663925,
            44.116627
          ],
          [
            -110.663498,
            44.117443
          ],
          [
            -110.66256,
            44.119034
          ],
          [
            -110.662262,
            44.119572
          ],
          [
            -110.662125,
            44.119846
          ],
          [
            -110.661896,
            44.120396
          ],
          [
            -110.661392,
            44.122093
          ],
          [
            -110.660897,
            44.123935
          ],
          [
            -110.660376,
            44.125782
          ],
          [
            -110.660139,
            44.126638
          ],
          [
            -110.66006,
            44.126946
          ],
          [
            -110.660011,
            44.127216
          ],
          [
            -110.659996,
            44.127506
          ],
          [
            -110.660006,
            44.127799
          ],
          [
            -110.660057,
            44.128086
          ],
          [
            -110.660133,
            44.128368
          ],
          [
            -110.660254,
            44.128665
          ],
          [
            -110.660393,
            44.128919
          ],
          [
            -110.660479,
            44.129071
          ],
          [
            -110.660479,
            44.129071
          ],
          [
            -110.660605,
            44.129243
          ],
          [
            -110.660743,
            44.129419
          ],
          [
            -110.660927,
            44.129617
          ],
          [
            -110.661116,
            44.129806
          ],
          [
            -110.661442,
            44.130058
          ],
          [
            -110.661774,
            44.130295
          ],
          [
            -110.662716,
            44.130978
          ],
          [
            -110.663658,
            44.131662
          ],
          [
            -110.664015,
            44.131917
          ],
          [
            -110.664239,
            44.132098
          ],
          [
            -110.664451,
            44.132283
          ],
          [
            -110.66457,
            44.132413
          ],
          [
            -110.664697,
            44.132559
          ],
          [
            -110.664984,
            44.132945
          ],
          [
            -110.665142,
            44.133178
          ],
          [
            -110.665286,
            44.133378
          ],
          [
            -110.665577,
            44.133799
          ],
          [
            -110.666073,
            44.134524
          ],
          [
            -110.666215,
            44.134742
          ],
          [
            -110.666533,
            44.135416
          ],
          [
            -110.666755,
            44.135738
          ],
          [
            -110.66696,
            44.136009
          ],
          [
            -110.667654,
            44.136861
          ],
          [
            -110.667772,
            44.137026
          ],
          [
            -110.668314,
            44.137826
          ],
          [
            -110.668519,
            44.138141
          ],
          [
            -110.668722,
            44.138465
          ],
          [
            -110.668896,
            44.138778
          ],
          [
            -110.669068,
            44.139123
          ],
          [
            -110.669229,
            44.139496
          ],
          [
            -110.669335,
            44.139752
          ],
          [
            -110.669416,
            44.13999
          ],
          [
            -110.669489,
            44.140225
          ],
          [
            -110.66956,
            44.140488
          ],
          [
            -110.669654,
            44.140859
          ],
          [
            -110.669728,
            44.141258
          ],
          [
            -110.669775,
            44.141554
          ],
          [
            -110.669797,
            44.1418
          ],
          [
            -110.669813,
            44.142053
          ],
          [
            -110.669823,
            44.142515
          ],
          [
            -110.669826,
            44.143133
          ],
          [
            -110.669819,
            44.143758
          ],
          [
            -110.66981,
            44.144545
          ],
          [
            -110.669803,
            44.145262
          ],
          [
            -110.669801,
            44.145722
          ],
          [
            -110.669799,
            44.146228
          ],
          [
            -110.669803,
            44.146972
          ],
          [
            -110.669796,
            44.147411
          ],
          [
            -110.66981,
            44.147658
          ],
          [
            -110.669831,
            44.147861
          ],
          [
            -110.669864,
            44.148041
          ],
          [
            -110.669899,
            44.148185
          ],
          [
            -110.669938,
            44.148344
          ],
          [
            -110.670003,
            44.148515
          ],
          [
            -110.670072,
            44.148678
          ],
          [
            -110.670158,
            44.148849
          ],
          [
            -110.670261,
            44.149049
          ],
          [
            -110.670393,
            44.149253
          ],
          [
            -110.67051,
            44.14941
          ],
          [
            -110.670685,
            44.149612
          ],
          [
            -110.670923,
            44.149863
          ],
          [
            -110.671128,
            44.150042
          ],
          [
            -110.67135,
            44.150214
          ],
          [
            -110.671713,
            44.150485
          ],
          [
            -110.672178,
            44.150828
          ],
          [
            -110.673051,
            44.151463
          ],
          [
            -110.673478,
            44.15177
          ],
          [
            -110.673665,
            44.151921
          ],
          [
            -110.673778,
            44.152012
          ],
          [
            -110.673929,
            44.152141
          ],
          [
            -110.674089,
            44.152307
          ],
          [
            -110.674187,
            44.15241
          ],
          [
            -110.674289,
            44.152531
          ],
          [
            -110.674413,
            44.152713
          ],
          [
            -110.674515,
            44.152889
          ],
          [
            -110.674593,
            44.153067
          ],
          [
            -110.67466,
            44.153268
          ],
          [
            -110.674702,
            44.153451
          ],
          [
            -110.674726,
            44.153627
          ],
          [
            -110.674731,
            44.153769
          ],
          [
            -110.674725,
            44.153971
          ],
          [
            -110.674702,
            44.154132
          ],
          [
            -110.674668,
            44.154287
          ],
          [
            -110.674607,
            44.154472
          ],
          [
            -110.674541,
            44.154622
          ],
          [
            -110.674464,
            44.154769
          ],
          [
            -110.674365,
            44.15493
          ],
          [
            -110.674203,
            44.155151
          ],
          [
            -110.673367,
            44.156232
          ],
          [
            -110.672531,
            44.157294
          ],
          [
            -110.670105,
            44.160383
          ],
          [
            -110.669367,
            44.161311
          ],
          [
            -110.668643,
            44.162238
          ],
          [
            -110.667846,
            44.163256
          ],
          [
            -110.667048,
            44.164275
          ],
          [
            -110.666741,
            44.164673
          ],
          [
            -110.666499,
            44.164979
          ],
          [
            -110.666137,
            44.165436
          ],
          [
            -110.665189,
            44.166658
          ],
          [
            -110.664268,
            44.167862
          ],
          [
            -110.664066,
            44.168194
          ],
          [
            -110.663933,
            44.168432
          ],
          [
            -110.663809,
            44.16869
          ],
          [
            -110.663714,
            44.168914
          ],
          [
            -110.663591,
            44.169302
          ],
          [
            -110.663214,
            44.170427
          ],
          [
            -110.66235,
            44.172956
          ],
          [
            -110.661901,
            44.174239
          ],
          [
            -110.661507,
            44.175438
          ],
          [
            -110.661267,
            44.176159
          ],
          [
            -110.661015,
            44.176864
          ],
          [
            -110.660543,
            44.178287
          ],
          [
            -110.660109,
            44.179569
          ],
          [
            -110.659672,
            44.180866
          ],
          [
            -110.658798,
            44.183444
          ],
          [
            -110.657922,
            44.186032
          ],
          [
            -110.657473,
            44.18736
          ],
          [
            -110.657124,
            44.188392
          ],
          [
            -110.657039,
            44.188583
          ],
          [
            -110.656968,
            44.188744
          ],
          [
            -110.65686,
            44.188957
          ],
          [
            -110.656771,
            44.189098
          ],
          [
            -110.656673,
            44.189236
          ],
          [
            -110.656491,
            44.189449
          ],
          [
            -110.656239,
            44.189729
          ],
          [
            -110.656137,
            44.189883
          ],
          [
            -110.656058,
            44.190053
          ],
          [
            -110.655992,
            44.190231
          ],
          [
            -110.655961,
            44.190362
          ],
          [
            -110.655954,
            44.190507
          ],
          [
            -110.655956,
            44.190637
          ],
          [
            -110.655984,
            44.190786
          ],
          [
            -110.656039,
            44.190952
          ],
          [
            -110.656106,
            44.191099
          ],
          [
            -110.656182,
            44.191232
          ],
          [
            -110.656292,
            44.191382
          ],
          [
            -110.656405,
            44.191514
          ],
          [
            -110.65653,
            44.191629
          ],
          [
            -110.656667,
            44.191729
          ],
          [
            -110.656824,
            44.191824
          ],
          [
            -110.657113,
            44.191992
          ],
          [
            -110.657367,
            44.192153
          ],
          [
            -110.657506,
            44.192254
          ],
          [
            -110.657681,
            44.192404
          ],
          [
            -110.657806,
            44.192532
          ],
          [
            -110.657909,
            44.192671
          ],
          [
            -110.657988,
            44.19281
          ],
          [
            -110.658059,
            44.192944
          ],
          [
            -110.658109,
            44.193075
          ],
          [
            -110.658217,
            44.193449
          ],
          [
            -110.658357,
            44.194023
          ],
          [
            -110.65838,
            44.194172
          ],
          [
            -110.658387,
            44.1943
          ],
          [
            -110.658382,
            44.194413
          ],
          [
            -110.658352,
            44.194573
          ],
          [
            -110.658308,
            44.194714
          ],
          [
            -110.65818,
            44.195044
          ],
          [
            -110.658146,
            44.19523
          ],
          [
            -110.658127,
            44.195407
          ],
          [
            -110.658132,
            44.195568
          ],
          [
            -110.658161,
            44.195762
          ],
          [
            -110.65824,
            44.196151
          ],
          [
            -110.658413,
            44.196899
          ],
          [
            -110.658715,
            44.198397
          ],
          [
            -110.658756,
            44.198539
          ],
          [
            -110.658816,
            44.198712
          ],
          [
            -110.658898,
            44.198886
          ],
          [
            -110.659001,
            44.199053
          ],
          [
            -110.659114,
            44.199197
          ],
          [
            -110.659292,
            44.199392
          ],
          [
            -110.659491,
            44.199623
          ],
          [
            -110.659666,
            44.199875
          ],
          [
            -110.659785,
            44.200074
          ],
          [
            -110.659849,
            44.200218
          ],
          [
            -110.659924,
            44.200429
          ],
          [
            -110.659961,
            44.200583
          ],
          [
            -110.659987,
            44.200759
          ],
          [
            -110.660002,
            44.200954
          ],
          [
            -110.660007,
            44.201102
          ],
          [
            -110.660006,
            44.201695
          ],
          [
            -110.66001,
            44.20259
          ],
          [
            -110.660009,
            44.203298
          ],
          [
            -110.660024,
            44.203452
          ],
          [
            -110.660062,
            44.203613
          ],
          [
            -110.660102,
            44.203734
          ],
          [
            -110.660178,
            44.203889
          ],
          [
            -110.660281,
            44.204053
          ],
          [
            -110.660407,
            44.204213
          ],
          [
            -110.66062,
            44.204452
          ],
          [
            -110.660765,
            44.20467
          ],
          [
            -110.660854,
            44.204845
          ],
          [
            -110.660917,
            44.205027
          ],
          [
            -110.660996,
            44.205362
          ],
          [
            -110.661056,
            44.205688
          ],
          [
            -110.661074,
            44.205881
          ],
          [
            -110.661078,
            44.206054
          ],
          [
            -110.661052,
            44.206243
          ],
          [
            -110.660925,
            44.206769
          ],
          [
            -110.660887,
            44.206982
          ],
          [
            -110.660875,
            44.207153
          ],
          [
            -110.660879,
            44.207312
          ],
          [
            -110.660895,
            44.207548
          ],
          [
            -110.660912,
            44.207861
          ],
          [
            -110.660935,
            44.20825
          ],
          [
            -110.660928,
            44.208389
          ],
          [
            -110.660923,
            44.208598
          ],
          [
            -110.660899,
            44.208832
          ],
          [
            -110.660861,
            44.209094
          ],
          [
            -110.660774,
            44.209557
          ],
          [
            -110.660736,
            44.209853
          ],
          [
            -110.660721,
            44.210154
          ],
          [
            -110.660724,
            44.210313
          ],
          [
            -110.660742,
            44.210498
          ],
          [
            -110.660781,
            44.210728
          ],
          [
            -110.660899,
            44.21128
          ],
          [
            -110.660982,
            44.211683
          ],
          [
            -110.661141,
            44.212419
          ],
          [
            -110.661175,
            44.212628
          ],
          [
            -110.661182,
            44.212827
          ],
          [
            -110.661171,
            44.213063
          ],
          [
            -110.661137,
            44.213283
          ],
          [
            -110.661096,
            44.213452
          ],
          [
            -110.66102,
            44.213652
          ],
          [
            -110.660938,
            44.213821
          ],
          [
            -110.660851,
            44.213977
          ],
          [
            -110.660739,
            44.214133
          ],
          [
            -110.660598,
            44.214301
          ],
          [
            -110.660347,
            44.214561
          ],
          [
            -110.660031,
            44.214849
          ],
          [
            -110.657694,
            44.217066
          ],
          [
            -110.656861,
            44.217874
          ],
          [
            -110.65673,
            44.218035
          ],
          [
            -110.656644,
            44.218169
          ],
          [
            -110.656573,
            44.218303
          ],
          [
            -110.656522,
            44.218437
          ],
          [
            -110.656481,
            44.218569
          ],
          [
            -110.65645,
            44.218691
          ],
          [
            -110.656429,
            44.218832
          ],
          [
            -110.656413,
            44.219124
          ],
          [
            -110.656373,
            44.219609
          ],
          [
            -110.656326,
            44.219812
          ],
          [
            -110.656201,
            44.220187
          ],
          [
            -110.656045,
            44.220542
          ],
          [
            -110.65593,
            44.220798
          ],
          [
            -110.655598,
            44.221502
          ],
          [
            -110.655424,
            44.221811
          ],
          [
            -110.655211,
            44.222082
          ],
          [
            -110.655066,
            44.222244
          ],
          [
            -110.654907,
            44.222405
          ],
          [
            -110.654778,
            44.222531
          ],
          [
            -110.65452,
            44.222779
          ],
          [
            -110.654325,
            44.222973
          ],
          [
            -110.654161,
            44.223159
          ],
          [
            -110.654022,
            44.223366
          ],
          [
            -110.653939,
            44.223592
          ],
          [
            -110.653915,
            44.223796
          ],
          [
            -110.653936,
            44.223991
          ],
          [
            -110.65401,
            44.224206
          ],
          [
            -110.654148,
            44.224445
          ],
          [
            -110.654278,
            44.224625
          ],
          [
            -110.654467,
            44.224919
          ],
          [
            -110.654571,
            44.22512
          ],
          [
            -110.65462,
            44.225286
          ],
          [
            -110.654642,
            44.225414
          ],
          [
            -110.654655,
            44.225539
          ],
          [
            -110.654651,
            44.225687
          ],
          [
            -110.654587,
            44.226027
          ],
          [
            -110.654499,
            44.226289
          ],
          [
            -110.654329,
            44.226527
          ],
          [
            -110.654077,
            44.226886
          ],
          [
            -110.653888,
            44.227057
          ],
          [
            -110.653648,
            44.227317
          ],
          [
            -110.652831,
            44.227963
          ],
          [
            -110.652428,
            44.22825
          ],
          [
            -110.652,
            44.228672
          ],
          [
            -110.651873,
            44.228905
          ],
          [
            -110.651721,
            44.229265
          ],
          [
            -110.651668,
            44.229733
          ],
          [
            -110.651729,
            44.230102
          ],
          [
            -110.651889,
            44.230571
          ],
          [
            -110.652062,
            44.23095
          ],
          [
            -110.652161,
            44.231121
          ],
          [
            -110.652347,
            44.231329
          ],
          [
            -110.652617,
            44.231584
          ],
          [
            -110.652874,
            44.231854
          ],
          [
            -110.653111,
            44.232152
          ],
          [
            -110.653208,
            44.232311
          ],
          [
            -110.653308,
            44.232472
          ],
          [
            -110.653444,
            44.232819
          ],
          [
            -110.653527,
            44.233171
          ],
          [
            -110.653553,
            44.233518
          ],
          [
            -110.653527,
            44.233864
          ],
          [
            -110.653456,
            44.234193
          ],
          [
            -110.653345,
            44.234512
          ],
          [
            -110.653209,
            44.234826
          ],
          [
            -110.653065,
            44.235141
          ],
          [
            -110.652912,
            44.235451
          ],
          [
            -110.652776,
            44.235766
          ],
          [
            -110.652638,
            44.236067
          ],
          [
            -110.652498,
            44.236346
          ],
          [
            -110.65233,
            44.236593
          ],
          [
            -110.652116,
            44.236817
          ],
          [
            -110.651845,
            44.236997
          ],
          [
            -110.65156,
            44.237153
          ],
          [
            -110.651283,
            44.237292
          ],
          [
            -110.651018,
            44.237422
          ],
          [
            -110.650755,
            44.23756
          ],
          [
            -110.650496,
            44.237722
          ],
          [
            -110.65024,
            44.23791
          ],
          [
            -110.650004,
            44.238125
          ],
          [
            -110.649799,
            44.238368
          ],
          [
            -110.649623,
            44.238628
          ],
          [
            -110.649475,
            44.238907
          ],
          [
            -110.649349,
            44.23919
          ],
          [
            -110.649214,
            44.239487
          ],
          [
            -110.649052,
            44.239788
          ],
          [
            -110.64885,
            44.240084
          ],
          [
            -110.648595,
            44.240372
          ],
          [
            -110.648319,
            44.240637
          ],
          [
            -110.64805,
            44.240901
          ],
          [
            -110.647798,
            44.241166
          ],
          [
            -110.647588,
            44.241445
          ],
          [
            -110.647434,
            44.241737
          ],
          [
            -110.647327,
            44.242051
          ],
          [
            -110.647272,
            44.242384
          ],
          [
            -110.647245,
            44.242722
          ],
          [
            -110.64721,
            44.243059
          ],
          [
            -110.647197,
            44.243266
          ],
          [
            -110.647187,
            44.243411
          ],
          [
            -110.64714,
            44.243766
          ],
          [
            -110.647064,
            44.244121
          ],
          [
            -110.646965,
            44.244481
          ],
          [
            -110.646853,
            44.24485
          ],
          [
            -110.646701,
            44.245192
          ],
          [
            -110.646548,
            44.245542
          ],
          [
            -110.646397,
            44.245888
          ],
          [
            -110.64624,
            44.246235
          ],
          [
            -110.646086,
            44.246581
          ],
          [
            -110.645949,
            44.246922
          ],
          [
            -110.645846,
            44.247269
          ],
          [
            -110.645767,
            44.247602
          ],
          [
            -110.645692,
            44.247934
          ],
          [
            -110.645601,
            44.248267
          ],
          [
            -110.645497,
            44.248605
          ],
          [
            -110.645385,
            44.248928
          ],
          [
            -110.64526,
            44.249252
          ],
          [
            -110.645124,
            44.249571
          ],
          [
            -110.644989,
            44.249895
          ],
          [
            -110.644865,
            44.250214
          ],
          [
            -110.644753,
            44.250538
          ],
          [
            -110.644643,
            44.250871
          ],
          [
            -110.644537,
            44.251208
          ],
          [
            -110.644433,
            44.251554
          ],
          [
            -110.644331,
            44.251905
          ],
          [
            -110.644227,
            44.252256
          ],
          [
            -110.64412,
            44.252611
          ],
          [
            -110.643995,
            44.252957
          ],
          [
            -110.643829,
            44.25329
          ],
          [
            -110.643618,
            44.253609
          ],
          [
            -110.643363,
            44.25391
          ],
          [
            -110.643066,
            44.254192
          ],
          [
            -110.642743,
            44.254466
          ],
          [
            -110.642422,
            44.254735
          ],
          [
            -110.64212,
            44.255018
          ],
          [
            -110.64184,
            44.255314
          ],
          [
            -110.641591,
            44.255615
          ],
          [
            -110.641368,
            44.255925
          ],
          [
            -110.641177,
            44.256235
          ],
          [
            -110.641004,
            44.256554
          ],
          [
            -110.640847,
            44.256891
          ],
          [
            -110.640712,
            44.257246
          ],
          [
            -110.640609,
            44.257606
          ],
          [
            -110.640537,
            44.257966
          ],
          [
            -110.640478,
            44.258317
          ],
          [
            -110.640413,
            44.258668
          ],
          [
            -110.640324,
            44.25901
          ],
          [
            -110.640182,
            44.259338
          ],
          [
            -110.639979,
            44.259643
          ],
          [
            -110.639753,
            44.25994
          ],
          [
            -110.639525,
            44.26024
          ],
          [
            -110.639321,
            44.260537
          ],
          [
            -110.63915,
            44.260847
          ],
          [
            -110.639002,
            44.261157
          ],
          [
            -110.638876,
            44.261485
          ],
          [
            -110.638764,
            44.261818
          ],
          [
            -110.638658,
            44.262155
          ],
          [
            -110.638556,
            44.262493
          ],
          [
            -110.63845,
            44.262825
          ],
          [
            -110.638349,
            44.263158
          ],
          [
            -110.638246,
            44.263482
          ],
          [
            -110.638146,
            44.263806
          ],
          [
            -110.638046,
            44.264134
          ],
          [
            -110.637948,
            44.264444
          ],
          [
            -110.637834,
            44.264791
          ],
          [
            -110.637697,
            44.265063
          ],
          [
            -110.637568,
            44.265228
          ],
          [
            -110.637461,
            44.265334
          ],
          [
            -110.637214,
            44.265553
          ],
          [
            -110.63694,
            44.265713
          ],
          [
            -110.636525,
            44.265945
          ],
          [
            -110.636176,
            44.266133
          ],
          [
            -110.635956,
            44.266298
          ],
          [
            -110.635717,
            44.266537
          ],
          [
            -110.635454,
            44.266821
          ],
          [
            -110.635256,
            44.267049
          ],
          [
            -110.635074,
            44.267247
          ],
          [
            -110.634899,
            44.267389
          ],
          [
            -110.634634,
            44.267535
          ],
          [
            -110.633749,
            44.267942
          ],
          [
            -110.633499,
            44.26806
          ],
          [
            -110.633263,
            44.268194
          ],
          [
            -110.633003,
            44.268373
          ],
          [
            -110.632803,
            44.268502
          ],
          [
            -110.632606,
            44.268693
          ],
          [
            -110.632365,
            44.268914
          ],
          [
            -110.632147,
            44.269101
          ],
          [
            -110.631879,
            44.269343
          ],
          [
            -110.631605,
            44.269575
          ],
          [
            -110.631069,
            44.270057
          ],
          [
            -110.630766,
            44.270299
          ],
          [
            -110.63024,
            44.270758
          ],
          [
            -110.629918,
            44.271042
          ],
          [
            -110.629599,
            44.271315
          ],
          [
            -110.629302,
            44.27157
          ],
          [
            -110.629015,
            44.271842
          ],
          [
            -110.628724,
            44.272157
          ],
          [
            -110.628487,
            44.272467
          ],
          [
            -110.628279,
            44.272786
          ],
          [
            -110.628085,
            44.273119
          ],
          [
            -110.627902,
            44.273456
          ],
          [
            -110.627734,
            44.273788
          ],
          [
            -110.627589,
            44.274125
          ],
          [
            -110.62748,
            44.274472
          ],
          [
            -110.627396,
            44.27485
          ],
          [
            -110.627317,
            44.275241
          ],
          [
            -110.627231,
            44.275641
          ],
          [
            -110.62715,
            44.276033
          ],
          [
            -110.627067,
            44.276424
          ],
          [
            -110.62699,
            44.276806
          ],
          [
            -110.626911,
            44.277184
          ],
          [
            -110.626832,
            44.277567
          ],
          [
            -110.626748,
            44.277953
          ],
          [
            -110.626643,
            44.27834
          ],
          [
            -110.626495,
            44.278713
          ],
          [
            -110.626299,
            44.279064
          ],
          [
            -110.626067,
            44.279392
          ],
          [
            -110.625836,
            44.279706
          ],
          [
            -110.625608,
            44.280002
          ],
          [
            -110.625448,
            44.28022
          ],
          [
            -110.625393,
            44.280294
          ],
          [
            -110.625215,
            44.280608
          ],
          [
            -110.625141,
            44.280795
          ],
          [
            -110.625102,
            44.280971
          ],
          [
            -110.625063,
            44.28127
          ],
          [
            -110.6251,
            44.281593
          ],
          [
            -110.625164,
            44.281796
          ],
          [
            -110.625239,
            44.281959
          ],
          [
            -110.625313,
            44.282106
          ],
          [
            -110.625428,
            44.282276
          ],
          [
            -110.62556,
            44.282432
          ],
          [
            -110.625678,
            44.282566
          ],
          [
            -110.625845,
            44.282705
          ],
          [
            -110.626022,
            44.282837
          ],
          [
            -110.626331,
            44.283085
          ],
          [
            -110.6265,
            44.283237
          ],
          [
            -110.626574,
            44.283311
          ],
          [
            -110.626685,
            44.283453
          ],
          [
            -110.626824,
            44.283662
          ],
          [
            -110.626974,
            44.284
          ],
          [
            -110.627092,
            44.284355
          ],
          [
            -110.62729,
            44.285068
          ],
          [
            -110.627307,
            44.285257
          ],
          [
            -110.627309,
            44.285419
          ],
          [
            -110.627298,
            44.285598
          ],
          [
            -110.627261,
            44.285774
          ],
          [
            -110.627216,
            44.285947
          ],
          [
            -110.627151,
            44.286124
          ],
          [
            -110.62706,
            44.286294
          ],
          [
            -110.626958,
            44.286454
          ],
          [
            -110.626849,
            44.286621
          ],
          [
            -110.626728,
            44.286767
          ],
          [
            -110.626586,
            44.286907
          ],
          [
            -110.626445,
            44.287031
          ],
          [
            -110.626104,
            44.287277
          ],
          [
            -110.625714,
            44.287512
          ],
          [
            -110.625337,
            44.287726
          ],
          [
            -110.624981,
            44.287964
          ],
          [
            -110.624655,
            44.288219
          ],
          [
            -110.624488,
            44.288352
          ],
          [
            -110.624312,
            44.288475
          ],
          [
            -110.623973,
            44.288675
          ],
          [
            -110.623753,
            44.288779
          ],
          [
            -110.62341,
            44.288923
          ],
          [
            -110.623117,
            44.289035
          ],
          [
            -110.622671,
            44.289203
          ],
          [
            -110.622257,
            44.289362
          ],
          [
            -110.621839,
            44.289529
          ],
          [
            -110.621484,
            44.289668
          ],
          [
            -110.621167,
            44.289802
          ],
          [
            -110.620821,
            44.289963
          ],
          [
            -110.620403,
            44.290155
          ],
          [
            -110.61999,
            44.290355
          ],
          [
            -110.619566,
            44.290575
          ],
          [
            -110.619143,
            44.290803
          ],
          [
            -110.618721,
            44.29104
          ],
          [
            -110.618302,
            44.291286
          ],
          [
            -110.617895,
            44.291537
          ],
          [
            -110.617583,
            44.291733
          ],
          [
            -110.617497,
            44.291788
          ],
          [
            -110.617104,
            44.292034
          ],
          [
            -110.616972,
            44.292115
          ],
          [
            -110.616713,
            44.292278
          ],
          [
            -110.616328,
            44.292522
          ],
          [
            -110.615938,
            44.292759
          ],
          [
            -110.61556,
            44.293001
          ],
          [
            -110.615197,
            44.293217
          ],
          [
            -110.614817,
            44.293476
          ],
          [
            -110.614644,
            44.293614
          ],
          [
            -110.614472,
            44.293776
          ],
          [
            -110.614238,
            44.294041
          ],
          [
            -110.614016,
            44.294346
          ],
          [
            -110.61384,
            44.29467
          ],
          [
            -110.613673,
            44.294998
          ],
          [
            -110.613529,
            44.295294
          ],
          [
            -110.613349,
            44.295652
          ],
          [
            -110.613178,
            44.295982
          ],
          [
            -110.613021,
            44.296315
          ],
          [
            -110.612876,
            44.296647
          ],
          [
            -110.612813,
            44.296831
          ],
          [
            -110.612749,
            44.297043
          ],
          [
            -110.612676,
            44.29734
          ],
          [
            -110.612626,
            44.2977
          ],
          [
            -110.612596,
            44.298091
          ],
          [
            -110.612566,
            44.298474
          ],
          [
            -110.612523,
            44.298843
          ],
          [
            -110.612485,
            44.299058
          ],
          [
            -110.612449,
            44.299206
          ],
          [
            -110.612378,
            44.29938
          ],
          [
            -110.612317,
            44.299502
          ],
          [
            -110.612225,
            44.299655
          ],
          [
            -110.612119,
            44.299814
          ],
          [
            -110.611989,
            44.299967
          ],
          [
            -110.611849,
            44.300117
          ],
          [
            -110.611562,
            44.30038
          ],
          [
            -110.611247,
            44.300654
          ],
          [
            -110.610957,
            44.300909
          ],
          [
            -110.6108,
            44.30105
          ],
          [
            -110.610626,
            44.301178
          ],
          [
            -110.610467,
            44.301294
          ],
          [
            -110.610302,
            44.301392
          ],
          [
            -110.61011,
            44.301498
          ],
          [
            -110.609917,
            44.301586
          ],
          [
            -110.609584,
            44.301719
          ],
          [
            -110.609159,
            44.30185
          ],
          [
            -110.608683,
            44.301997
          ],
          [
            -110.608152,
            44.302142
          ],
          [
            -110.607798,
            44.302239
          ],
          [
            -110.607349,
            44.302408
          ],
          [
            -110.606905,
            44.30261
          ],
          [
            -110.606504,
            44.302801
          ],
          [
            -110.606117,
            44.302997
          ],
          [
            -110.605738,
            44.303199
          ],
          [
            -110.605422,
            44.303373
          ],
          [
            -110.605031,
            44.303616
          ],
          [
            -110.604751,
            44.303871
          ],
          [
            -110.604536,
            44.304168
          ],
          [
            -110.604355,
            44.304482
          ],
          [
            -110.604192,
            44.304806
          ],
          [
            -110.604034,
            44.305122
          ],
          [
            -110.603863,
            44.305452
          ],
          [
            -110.603703,
            44.30578
          ],
          [
            -110.603557,
            44.306122
          ],
          [
            -110.603397,
            44.306423
          ],
          [
            -110.603228,
            44.306756
          ],
          [
            -110.603079,
            44.307093
          ],
          [
            -110.602937,
            44.30743
          ],
          [
            -110.6028,
            44.307758
          ],
          [
            -110.602675,
            44.308095
          ],
          [
            -110.602536,
            44.308442
          ],
          [
            -110.60241,
            44.308752
          ],
          [
            -110.602292,
            44.30908
          ],
          [
            -110.602165,
            44.309423
          ],
          [
            -110.602035,
            44.309777
          ],
          [
            -110.60192,
            44.310067
          ],
          [
            -110.601783,
            44.310459
          ],
          [
            -110.601702,
            44.310698
          ],
          [
            -110.601588,
            44.311024
          ],
          [
            -110.60147,
            44.311359
          ],
          [
            -110.60135,
            44.311692
          ],
          [
            -110.601233,
            44.312025
          ],
          [
            -110.601112,
            44.312357
          ],
          [
            -110.600994,
            44.312686
          ],
          [
            -110.600875,
            44.313009
          ],
          [
            -110.600765,
            44.31332
          ],
          [
            -110.600653,
            44.313634
          ],
          [
            -110.600552,
            44.313913
          ],
          [
            -110.600446,
            44.314187
          ],
          [
            -110.600358,
            44.314462
          ],
          [
            -110.600188,
            44.314938
          ],
          [
            -110.600097,
            44.315162
          ],
          [
            -110.599861,
            44.315808
          ],
          [
            -110.599742,
            44.316137
          ],
          [
            -110.599628,
            44.316431
          ],
          [
            -110.599446,
            44.316939
          ],
          [
            -110.599288,
            44.317397
          ],
          [
            -110.599249,
            44.317505
          ],
          [
            -110.599198,
            44.317645
          ],
          [
            -110.599022,
            44.318175
          ],
          [
            -110.598949,
            44.318377
          ],
          [
            -110.598873,
            44.318598
          ],
          [
            -110.59878,
            44.318813
          ],
          [
            -110.598697,
            44.319065
          ],
          [
            -110.598588,
            44.319335
          ],
          [
            -110.598491,
            44.319623
          ],
          [
            -110.598389,
            44.319933
          ],
          [
            -110.598274,
            44.320257
          ],
          [
            -110.598151,
            44.320594
          ],
          [
            -110.598026,
            44.320954
          ],
          [
            -110.597887,
            44.321331
          ],
          [
            -110.597745,
            44.321727
          ],
          [
            -110.597579,
            44.322109
          ],
          [
            -110.597385,
            44.322482
          ],
          [
            -110.597146,
            44.322837
          ],
          [
            -110.596868,
            44.323182
          ],
          [
            -110.596579,
            44.323523
          ],
          [
            -110.596288,
            44.323869
          ],
          [
            -110.596009,
            44.324223
          ],
          [
            -110.595757,
            44.324583
          ],
          [
            -110.59554,
            44.324951
          ],
          [
            -110.59534,
            44.325319
          ],
          [
            -110.595167,
            44.325683
          ],
          [
            -110.595009,
            44.326043
          ],
          [
            -110.594853,
            44.326389
          ],
          [
            -110.594701,
            44.326731
          ],
          [
            -110.594549,
            44.327059
          ],
          [
            -110.594411,
            44.327387
          ],
          [
            -110.594288,
            44.327697
          ],
          [
            -110.594198,
            44.328016
          ],
          [
            -110.594137,
            44.328349
          ],
          [
            -110.594115,
            44.328696
          ],
          [
            -110.594147,
            44.32906
          ],
          [
            -110.594222,
            44.329421
          ],
          [
            -110.594352,
            44.329777
          ],
          [
            -110.59452,
            44.330129
          ],
          [
            -110.594708,
            44.33048
          ],
          [
            -110.594904,
            44.330841
          ],
          [
            -110.595099,
            44.331207
          ],
          [
            -110.595291,
            44.331567
          ],
          [
            -110.595479,
            44.331919
          ],
          [
            -110.595665,
            44.332271
          ],
          [
            -110.595825,
            44.332627
          ],
          [
            -110.595927,
            44.332974
          ],
          [
            -110.595983,
            44.333334
          ],
          [
            -110.596002,
            44.33369
          ],
          [
            -110.59597,
            44.334041
          ],
          [
            -110.595887,
            44.334396
          ],
          [
            -110.595766,
            44.334756
          ],
          [
            -110.595602,
            44.335111
          ],
          [
            -110.595422,
            44.335466
          ],
          [
            -110.59524,
            44.335821
          ],
          [
            -110.595147,
            44.335996
          ],
          [
            -110.594494,
            44.337236
          ],
          [
            -110.594301,
            44.3376
          ],
          [
            -110.594109,
            44.337973
          ],
          [
            -110.593905,
            44.338351
          ],
          [
            -110.593705,
            44.338733
          ],
          [
            -110.593508,
            44.339106
          ],
          [
            -110.593313,
            44.339469
          ],
          [
            -110.593123,
            44.339833
          ],
          [
            -110.59293,
            44.340184
          ],
          [
            -110.592739,
            44.340543
          ],
          [
            -110.592531,
            44.340894
          ],
          [
            -110.592299,
            44.341235
          ],
          [
            -110.592042,
            44.341576
          ],
          [
            -110.59176,
            44.341913
          ],
          [
            -110.591453,
            44.342249
          ],
          [
            -110.591127,
            44.342559
          ],
          [
            -110.590809,
            44.342877
          ],
          [
            -110.590504,
            44.343218
          ],
          [
            -110.590183,
            44.343537
          ],
          [
            -110.589865,
            44.343842
          ],
          [
            -110.589557,
            44.34416
          ],
          [
            -110.589231,
            44.344447
          ],
          [
            -110.588911,
            44.344761
          ],
          [
            -110.58859,
            44.345088
          ],
          [
            -110.588284,
            44.345456
          ],
          [
            -110.587945,
            44.345797
          ],
          [
            -110.587573,
            44.346098
          ],
          [
            -110.587234,
            44.346438
          ],
          [
            -110.586902,
            44.346775
          ],
          [
            -110.586567,
            44.347098
          ],
          [
            -110.586273,
            44.347457
          ],
          [
            -110.586007,
            44.347816
          ],
          [
            -110.585778,
            44.348184
          ],
          [
            -110.585591,
            44.348566
          ],
          [
            -110.585443,
            44.348957
          ],
          [
            -110.585324,
            44.349348
          ],
          [
            -110.585211,
            44.349749
          ],
          [
            -110.585102,
            44.350167
          ],
          [
            -110.584978,
            44.350572
          ],
          [
            -110.584854,
            44.350976
          ],
          [
            -110.584745,
            44.35139
          ],
          [
            -110.58463,
            44.351786
          ],
          [
            -110.584518,
            44.352186
          ],
          [
            -110.584403,
            44.352568
          ],
          [
            -110.584291,
            44.352946
          ],
          [
            -110.584176,
            44.353315
          ],
          [
            -110.584027,
            44.35367
          ],
          [
            -110.583836,
            44.353998
          ],
          [
            -110.583631,
            44.35433
          ],
          [
            -110.583438,
            44.354667
          ],
          [
            -110.583299,
            44.355031
          ],
          [
            -110.58322,
            44.355409
          ],
          [
            -110.583162,
            44.355796
          ],
          [
            -110.583097,
            44.356183
          ],
          [
            -110.583014,
            44.356569
          ],
          [
            -110.582891,
            44.356947
          ],
          [
            -110.582721,
            44.357302
          ],
          [
            -110.582525,
            44.357648
          ],
          [
            -110.582322,
            44.357989
          ],
          [
            -110.58212,
            44.358326
          ],
          [
            -110.582069,
            44.358414
          ],
          [
            -110.58196,
            44.358603
          ],
          [
            -110.581925,
            44.358663
          ],
          [
            -110.581722,
            44.359
          ],
          [
            -110.581527,
            44.359337
          ],
          [
            -110.581333,
            44.359683
          ],
          [
            -110.581139,
            44.36002
          ],
          [
            -110.58096,
            44.360357
          ],
          [
            -110.580808,
            44.360698
          ],
          [
            -110.580693,
            44.361062
          ],
          [
            -110.580597,
            44.361427
          ],
          [
            -110.580575,
            44.361832
          ],
          [
            -110.580547,
            44.362196
          ],
          [
            -110.580569,
            44.362592
          ],
          [
            -110.580625,
            44.363011
          ],
          [
            -110.580641,
            44.363407
          ],
          [
            -110.580669,
            44.363808
          ],
          [
            -110.580699,
            44.364209
          ],
          [
            -110.580764,
            44.365001
          ],
          [
            -110.580794,
            44.365393
          ],
          [
            -110.580807,
            44.365776
          ],
          [
            -110.580831,
            44.366159
          ],
          [
            -110.58086,
            44.36655
          ],
          [
            -110.580893,
            44.366933
          ],
          [
            -110.580923,
            44.367325
          ],
          [
            -110.58095,
            44.367717
          ],
          [
            -110.580987,
            44.368131
          ],
          [
            -110.580951,
            44.368504
          ],
          [
            -110.580873,
            44.368887
          ],
          [
            -110.580758,
            44.369264
          ],
          [
            -110.580624,
            44.369637
          ],
          [
            -110.580492,
            44.370033
          ],
          [
            -110.580325,
            44.370411
          ],
          [
            -110.580164,
            44.370784
          ],
          [
            -110.580013,
            44.371157
          ],
          [
            -110.57987,
            44.371512
          ],
          [
            -110.579732,
            44.371862
          ],
          [
            -110.579593,
            44.372213
          ],
          [
            -110.579428,
            44.372546
          ],
          [
            -110.579282,
            44.372901
          ],
          [
            -110.579139,
            44.373256
          ],
          [
            -110.578989,
            44.373624
          ],
          [
            -110.578838,
            44.373997
          ],
          [
            -110.5787,
            44.374384
          ],
          [
            -110.578543,
            44.374752
          ],
          [
            -110.578379,
            44.375116
          ],
          [
            -110.578242,
            44.375494
          ],
          [
            -110.578087,
            44.375863
          ],
          [
            -110.577917,
            44.376218
          ],
          [
            -110.577753,
            44.376577
          ],
          [
            -110.577569,
            44.376932
          ],
          [
            -110.577374,
            44.377287
          ],
          [
            -110.577173,
            44.377628
          ],
          [
            -110.57696,
            44.377974
          ],
          [
            -110.576736,
            44.378311
          ],
          [
            -110.576502,
            44.378643
          ],
          [
            -110.576273,
            44.378966
          ],
          [
            -110.576042,
            44.379281
          ],
          [
            -110.575801,
            44.379599
          ],
          [
            -110.57558,
            44.379909
          ],
          [
            -110.57536,
            44.380219
          ],
          [
            -110.575137,
            44.380538
          ],
          [
            -110.57491,
            44.380856
          ],
          [
            -110.574715,
            44.381211
          ],
          [
            -110.574529,
            44.381557
          ],
          [
            -110.574347,
            44.381854
          ],
          [
            -110.574225,
            44.3822
          ],
          [
            -110.574136,
            44.382555
          ],
          [
            -110.574068,
            44.38291
          ],
          [
            -110.574012,
            44.38327
          ],
          [
            -110.573991,
            44.383639
          ],
          [
            -110.573948,
            44.38399
          ],
          [
            -110.57386,
            44.384692
          ],
          [
            -110.57381,
            44.385048
          ],
          [
            -110.573735,
            44.385394
          ],
          [
            -110.573642,
            44.38574
          ],
          [
            -110.573534,
            44.386082
          ],
          [
            -110.573393,
            44.386406
          ],
          [
            -110.573278,
            44.386765
          ],
          [
            -110.573135,
            44.387138
          ],
          [
            -110.573008,
            44.387507
          ],
          [
            -110.572869,
            44.387885
          ],
          [
            -110.572725,
            44.388267
          ],
          [
            -110.572655,
            44.38846
          ],
          [
            -110.572309,
            44.389418
          ],
          [
            -110.57205,
            44.390159
          ],
          [
            -110.571774,
            44.390909
          ],
          [
            -110.57155,
            44.391515
          ],
          [
            -110.571435,
            44.391857
          ],
          [
            -110.571201,
            44.392479
          ],
          [
            -110.57114,
            44.392629
          ],
          [
            -110.570652,
            44.393944
          ],
          [
            -110.570374,
            44.394695
          ],
          [
            -110.570122,
            44.39545
          ],
          [
            -110.570024,
            44.395837
          ],
          [
            -110.56997,
            44.396233
          ],
          [
            -110.569965,
            44.396638
          ],
          [
            -110.569992,
            44.397043
          ],
          [
            -110.570122,
            44.398259
          ],
          [
            -110.570121,
            44.398502
          ],
          [
            -110.570121,
            44.39866
          ],
          [
            -110.570095,
            44.399056
          ],
          [
            -110.570031,
            44.399452
          ],
          [
            -110.569918,
            44.399843
          ],
          [
            -110.569775,
            44.400229
          ],
          [
            -110.569463,
            44.401021
          ],
          [
            -110.569284,
            44.401384
          ],
          [
            -110.569141,
            44.401776
          ],
          [
            -110.56903,
            44.402167
          ],
          [
            -110.568956,
            44.402563
          ],
          [
            -110.568928,
            44.402963
          ],
          [
            -110.568922,
            44.403355
          ],
          [
            -110.568946,
            44.403746
          ],
          [
            -110.568999,
            44.404134
          ],
          [
            -110.569085,
            44.404503
          ],
          [
            -110.56921,
            44.404873
          ],
          [
            -110.569367,
            44.405229
          ],
          [
            -110.569525,
            44.405547
          ],
          [
            -110.569741,
            44.405901
          ],
          [
            -110.569995,
            44.406267
          ],
          [
            -110.57029,
            44.40661
          ],
          [
            -110.57062,
            44.406953
          ],
          [
            -110.570962,
            44.407265
          ],
          [
            -110.571317,
            44.40755
          ],
          [
            -110.571669,
            44.407817
          ],
          [
            -110.573788,
            44.409355
          ],
          [
            -110.574172,
            44.409658
          ],
          [
            -110.574527,
            44.409979
          ],
          [
            -110.575811,
            44.411263
          ],
          [
            -110.575962,
            44.411421
          ],
          [
            -110.576704,
            44.412189
          ],
          [
            -110.577517,
            44.413034
          ],
          [
            -110.577914,
            44.413425
          ],
          [
            -110.578148,
            44.413659
          ],
          [
            -110.578543,
            44.414053
          ],
          [
            -110.579689,
            44.415229
          ],
          [
            -110.579943,
            44.415466
          ],
          [
            -110.58058,
            44.416079
          ],
          [
            -110.581101,
            44.416504
          ],
          [
            -110.581302,
            44.416635
          ],
          [
            -110.581727,
            44.416875
          ],
          [
            -110.582148,
            44.417127
          ],
          [
            -110.582572,
            44.417373
          ],
          [
            -110.582872,
            44.417545
          ],
          [
            -110.583071,
            44.417651
          ],
          [
            -110.583457,
            44.417879
          ],
          [
            -110.583893,
            44.418124
          ],
          [
            -110.584332,
            44.418375
          ],
          [
            -110.584769,
            44.418622
          ],
          [
            -110.585189,
            44.418857
          ],
          [
            -110.585599,
            44.41909
          ],
          [
            -110.585987,
            44.419353
          ],
          [
            -110.586291,
            44.419678
          ],
          [
            -110.586482,
            44.420039
          ],
          [
            -110.586566,
            44.420422
          ],
          [
            -110.586581,
            44.4208
          ],
          [
            -110.58658,
            44.421174
          ],
          [
            -110.58658,
            44.421538
          ],
          [
            -110.586578,
            44.421889
          ],
          [
            -110.586604,
            44.422227
          ],
          [
            -110.586693,
            44.422538
          ],
          [
            -110.586867,
            44.422827
          ],
          [
            -110.586979,
            44.422987
          ],
          [
            -110.587124,
            44.423127
          ],
          [
            -110.587298,
            44.42326
          ],
          [
            -110.587469,
            44.42337
          ],
          [
            -110.587659,
            44.423467
          ],
          [
            -110.587876,
            44.42355
          ],
          [
            -110.5881,
            44.423609
          ],
          [
            -110.588319,
            44.423654
          ],
          [
            -110.588572,
            44.42368
          ],
          [
            -110.588832,
            44.42369
          ],
          [
            -110.589087,
            44.423683
          ],
          [
            -110.589344,
            44.423662
          ],
          [
            -110.589599,
            44.423632
          ],
          [
            -110.589868,
            44.423592
          ],
          [
            -110.590125,
            44.42355
          ],
          [
            -110.590391,
            44.423496
          ],
          [
            -110.590644,
            44.423431
          ],
          [
            -110.590904,
            44.423351
          ],
          [
            -110.591117,
            44.423267
          ],
          [
            -110.591319,
            44.42317
          ],
          [
            -110.591493,
            44.423058
          ],
          [
            -110.591638,
            44.422938
          ],
          [
            -110.591771,
            44.422805
          ],
          [
            -110.591883,
            44.422681
          ],
          [
            -110.591997,
            44.422513
          ],
          [
            -110.592085,
            44.422324
          ],
          [
            -110.592123,
            44.422157
          ],
          [
            -110.592141,
            44.421989
          ],
          [
            -110.592141,
            44.421816
          ],
          [
            -110.59212,
            44.421644
          ],
          [
            -110.592068,
            44.421437
          ],
          [
            -110.592006,
            44.421288
          ],
          [
            -110.591877,
            44.420914
          ],
          [
            -110.591734,
            44.420526
          ],
          [
            -110.591677,
            44.420335
          ],
          [
            -110.591629,
            44.420137
          ],
          [
            -110.591606,
            44.419829
          ],
          [
            -110.591615,
            44.41958
          ],
          [
            -110.591654,
            44.419348
          ],
          [
            -110.591777,
            44.418985
          ],
          [
            -110.591854,
            44.41881
          ],
          [
            -110.591939,
            44.418633
          ],
          [
            -110.59212,
            44.418389
          ],
          [
            -110.592373,
            44.4181
          ],
          [
            -110.592598,
            44.417894
          ],
          [
            -110.592846,
            44.417694
          ],
          [
            -110.593086,
            44.417525
          ],
          [
            -110.593351,
            44.417383
          ],
          [
            -110.593577,
            44.417272
          ],
          [
            -110.593868,
            44.417164
          ],
          [
            -110.594136,
            44.417069
          ],
          [
            -110.594376,
            44.417
          ],
          [
            -110.594671,
            44.416937
          ],
          [
            -110.594972,
            44.41689
          ],
          [
            -110.595251,
            44.416859
          ],
          [
            -110.595545,
            44.416842
          ],
          [
            -110.595817,
            44.416841
          ],
          [
            -110.596089,
            44.416848
          ],
          [
            -110.596545,
            44.416896
          ],
          [
            -110.597011,
            44.416985
          ],
          [
            -110.597197,
            44.417031
          ],
          [
            -110.597516,
            44.417123
          ],
          [
            -110.597688,
            44.41719
          ],
          [
            -110.598087,
            44.417359
          ],
          [
            -110.59844,
            44.417528
          ],
          [
            -110.598716,
            44.417677
          ],
          [
            -110.598979,
            44.417811
          ],
          [
            -110.599361,
            44.418011
          ],
          [
            -110.599616,
            44.418139
          ],
          [
            -110.599852,
            44.418261
          ],
          [
            -110.600085,
            44.418378
          ],
          [
            -110.600305,
            44.418496
          ],
          [
            -110.600753,
            44.41872
          ],
          [
            -110.60098,
            44.418843
          ],
          [
            -110.601204,
            44.418956
          ],
          [
            -110.601472,
            44.419087
          ],
          [
            -110.601683,
            44.41919
          ],
          [
            -110.601923,
            44.419325
          ],
          [
            -110.602163,
            44.419449
          ],
          [
            -110.60263,
            44.419688
          ],
          [
            -110.603092,
            44.419922
          ],
          [
            -110.603583,
            44.42015
          ],
          [
            -110.603831,
            44.420272
          ],
          [
            -110.604066,
            44.420378
          ],
          [
            -110.604313,
            44.420496
          ],
          [
            -110.604557,
            44.420606
          ],
          [
            -110.60481,
            44.420729
          ],
          [
            -110.605046,
            44.420831
          ],
          [
            -110.605535,
            44.421052
          ],
          [
            -110.606038,
            44.421269
          ],
          [
            -110.606529,
            44.421476
          ],
          [
            -110.607053,
            44.421683
          ],
          [
            -110.607327,
            44.421793
          ],
          [
            -110.607626,
            44.421904
          ],
          [
            -110.608102,
            44.422085
          ],
          [
            -110.608647,
            44.422284
          ],
          [
            -110.608954,
            44.422394
          ],
          [
            -110.609313,
            44.422533
          ],
          [
            -110.609777,
            44.422699
          ],
          [
            -110.610189,
            44.42284
          ],
          [
            -110.611764,
            44.423413
          ],
          [
            -110.612055,
            44.423519
          ],
          [
            -110.61234,
            44.423624
          ],
          [
            -110.612892,
            44.423824
          ],
          [
            -110.613997,
            44.424222
          ],
          [
            -110.615583,
            44.424794
          ],
          [
            -110.616098,
            44.424993
          ],
          [
            -110.616626,
            44.425186
          ],
          [
            -110.617712,
            44.42558
          ],
          [
            -110.618255,
            44.425784
          ],
          [
            -110.618744,
            44.425981
          ],
          [
            -110.619245,
            44.426196
          ],
          [
            -110.619715,
            44.426397
          ],
          [
            -110.620194,
            44.426612
          ],
          [
            -110.620686,
            44.426836
          ],
          [
            -110.622079,
            44.427466
          ],
          [
            -110.622557,
            44.427677
          ],
          [
            -110.623473,
            44.428097
          ],
          [
            -110.62399,
            44.428346
          ],
          [
            -110.624973,
            44.428781
          ],
          [
            -110.625493,
            44.429041
          ],
          [
            -110.626503,
            44.42949
          ],
          [
            -110.627484,
            44.429943
          ],
          [
            -110.628019,
            44.430176
          ],
          [
            -110.628936,
            44.430589
          ],
          [
            -110.629411,
            44.430799
          ],
          [
            -110.629849,
            44.431004
          ],
          [
            -110.630361,
            44.431233
          ],
          [
            -110.63085,
            44.431458
          ],
          [
            -110.631302,
            44.431676
          ],
          [
            -110.631939,
            44.431979
          ],
          [
            -110.632989,
            44.432444
          ],
          [
            -110.633469,
            44.432664
          ],
          [
            -110.633858,
            44.432831
          ],
          [
            -110.634281,
            44.433021
          ],
          [
            -110.634739,
            44.433196
          ],
          [
            -110.63521,
            44.433361
          ],
          [
            -110.635712,
            44.433518
          ],
          [
            -110.636223,
            44.433663
          ],
          [
            -110.636759,
            44.433778
          ],
          [
            -110.637273,
            44.43387
          ],
          [
            -110.637758,
            44.433943
          ],
          [
            -110.63828,
            44.434005
          ],
          [
            -110.638827,
            44.434047
          ],
          [
            -110.639303,
            44.434063
          ],
          [
            -110.639814,
            44.434066
          ],
          [
            -110.640293,
            44.434056
          ],
          [
            -110.640799,
            44.434031
          ],
          [
            -110.641302,
            44.434
          ],
          [
            -110.64181,
            44.43398
          ],
          [
            -110.642955,
            44.433907
          ],
          [
            -110.644173,
            44.433824
          ],
          [
            -110.645358,
            44.433759
          ],
          [
            -110.646507,
            44.433674
          ],
          [
            -110.647671,
            44.433593
          ],
          [
            -110.64823,
            44.433572
          ],
          [
            -110.648771,
            44.433571
          ],
          [
            -110.649299,
            44.433594
          ],
          [
            -110.649927,
            44.433664
          ],
          [
            -110.650478,
            44.433712
          ],
          [
            -110.651531,
            44.43381
          ],
          [
            -110.65207,
            44.43385
          ],
          [
            -110.652581,
            44.433818
          ],
          [
            -110.653043,
            44.433715
          ],
          [
            -110.653455,
            44.433564
          ],
          [
            -110.653832,
            44.433318
          ],
          [
            -110.654042,
            44.433121
          ],
          [
            -110.654248,
            44.432864
          ],
          [
            -110.654495,
            44.432319
          ],
          [
            -110.654658,
            44.431954
          ],
          [
            -110.654814,
            44.431646
          ],
          [
            -110.655037,
            44.43137
          ],
          [
            -110.655264,
            44.431148
          ],
          [
            -110.655649,
            44.430907
          ],
          [
            -110.656109,
            44.430721
          ],
          [
            -110.656535,
            44.43064
          ],
          [
            -110.656993,
            44.430634
          ],
          [
            -110.657448,
            44.430684
          ],
          [
            -110.657879,
            44.430799
          ],
          [
            -110.658266,
            44.430979
          ],
          [
            -110.658715,
            44.4312
          ],
          [
            -110.659446,
            44.431539
          ],
          [
            -110.65993,
            44.431654
          ],
          [
            -110.660442,
            44.431706
          ],
          [
            -110.660893,
            44.431686
          ],
          [
            -110.661431,
            44.431585
          ],
          [
            -110.661873,
            44.431405
          ],
          [
            -110.662252,
            44.431193
          ],
          [
            -110.662804,
            44.430781
          ],
          [
            -110.663184,
            44.430512
          ],
          [
            -110.663575,
            44.430287
          ],
          [
            -110.663937,
            44.43011
          ],
          [
            -110.664443,
            44.429962
          ],
          [
            -110.664924,
            44.429859
          ],
          [
            -110.665412,
            44.429815
          ],
          [
            -110.66591,
            44.429822
          ],
          [
            -110.666359,
            44.429848
          ],
          [
            -110.666815,
            44.429931
          ],
          [
            -110.667293,
            44.430075
          ],
          [
            -110.667765,
            44.430202
          ],
          [
            -110.668195,
            44.430332
          ],
          [
            -110.668709,
            44.430398
          ],
          [
            -110.669196,
            44.4304
          ],
          [
            -110.669694,
            44.430335
          ],
          [
            -110.670161,
            44.430248
          ],
          [
            -110.670618,
            44.430179
          ],
          [
            -110.671076,
            44.430152
          ],
          [
            -110.671521,
            44.430189
          ],
          [
            -110.671953,
            44.430288
          ],
          [
            -110.672361,
            44.430433
          ],
          [
            -110.673197,
            44.430777
          ],
          [
            -110.673587,
            44.430967
          ],
          [
            -110.673963,
            44.431171
          ],
          [
            -110.674309,
            44.431397
          ],
          [
            -110.674596,
            44.431663
          ],
          [
            -110.674812,
            44.431961
          ],
          [
            -110.674951,
            44.432308
          ],
          [
            -110.675144,
            44.433019
          ],
          [
            -110.675336,
            44.433745
          ],
          [
            -110.675448,
            44.434136
          ],
          [
            -110.67551,
            44.434483
          ],
          [
            -110.675515,
            44.43484
          ],
          [
            -110.675489,
            44.435032
          ],
          [
            -110.675448,
            44.435204
          ],
          [
            -110.675351,
            44.435554
          ],
          [
            -110.675236,
            44.435901
          ],
          [
            -110.675135,
            44.436238
          ],
          [
            -110.675019,
            44.436593
          ],
          [
            -110.67492,
            44.436931
          ],
          [
            -110.674807,
            44.437268
          ],
          [
            -110.6747,
            44.437596
          ],
          [
            -110.674592,
            44.437924
          ],
          [
            -110.674475,
            44.438235
          ],
          [
            -110.674424,
            44.438545
          ],
          [
            -110.674411,
            44.438851
          ],
          [
            -110.674474,
            44.43914
          ],
          [
            -110.674608,
            44.43941
          ],
          [
            -110.674819,
            44.439663
          ],
          [
            -110.67507,
            44.439906
          ],
          [
            -110.675345,
            44.440137
          ],
          [
            -110.675618,
            44.440363
          ],
          [
            -110.67586,
            44.440606
          ],
          [
            -110.676024,
            44.440889
          ],
          [
            -110.676126,
            44.441204
          ],
          [
            -110.676145,
            44.441527
          ],
          [
            -110.676123,
            44.441735
          ],
          [
            -110.676097,
            44.442048
          ],
          [
            -110.676111,
            44.442272
          ],
          [
            -110.67615,
            44.442449
          ],
          [
            -110.676215,
            44.442645
          ],
          [
            -110.676326,
            44.442891
          ],
          [
            -110.676422,
            44.443032
          ],
          [
            -110.676596,
            44.443202
          ],
          [
            -110.676876,
            44.443386
          ],
          [
            -110.677255,
            44.443608
          ],
          [
            -110.677498,
            44.443799
          ],
          [
            -110.677658,
            44.443961
          ],
          [
            -110.677788,
            44.444125
          ],
          [
            -110.677912,
            44.44436
          ],
          [
            -110.677977,
            44.444548
          ],
          [
            -110.678004,
            44.444727
          ],
          [
            -110.678005,
            44.445082
          ],
          [
            -110.677964,
            44.445406
          ],
          [
            -110.677921,
            44.44573
          ],
          [
            -110.677875,
            44.446045
          ],
          [
            -110.67783,
            44.44636
          ],
          [
            -110.677795,
            44.446671
          ],
          [
            -110.677776,
            44.446981
          ],
          [
            -110.677804,
            44.447287
          ],
          [
            -110.677912,
            44.447589
          ],
          [
            -110.677912,
            44.447589
          ],
          [
            -110.677912,
            44.447589
          ],
          [
            -110.677804,
            44.447287
          ],
          [
            -110.677776,
            44.446981
          ],
          [
            -110.677795,
            44.446671
          ],
          [
            -110.67783,
            44.44636
          ],
          [
            -110.677875,
            44.446045
          ],
          [
            -110.677921,
            44.44573
          ],
          [
            -110.677964,
            44.445406
          ],
          [
            -110.678005,
            44.445082
          ],
          [
            -110.678004,
            44.444727
          ],
          [
            -110.677977,
            44.444548
          ],
          [
            -110.677912,
            44.44436
          ],
          [
            -110.677788,
            44.444125
          ],
          [
            -110.677658,
            44.443961
          ],
          [
            -110.677498,
            44.443799
          ],
          [
            -110.677255,
            44.443608
          ],
          [
            -110.676876,
            44.443386
          ],
          [
            -110.676596,
            44.443202
          ],
          [
            -110.676422,
            44.443032
          ],
          [
            -110.676326,
            44.442891
          ],
          [
            -110.676215,
            44.442645
          ],
          [
            -110.67615,
            44.442449
          ],
          [
            -110.676111,
            44.442272
          ],
          [
            -110.676097,
            44.442048
          ],
          [
            -110.676123,
            44.441735
          ],
          [
            -110.676145,
            44.441527
          ],
          [
            -110.676126,
            44.441204
          ],
          [
            -110.676024,
            44.440889
          ],
          [
            -110.67586,
            44.440606
          ],
          [
            -110.675618,
            44.440363
          ],
          [
            -110.675345,
            44.440137
          ],
          [
            -110.67507,
            44.439906
          ],
          [
            -110.674819,
            44.439663
          ],
          [
            -110.674608,
            44.43941
          ],
          [
            -110.674474,
            44.43914
          ],
          [
            -110.674411,
            44.438851
          ],
          [
            -110.674424,
            44.438545
          ],
          [
            -110.674475,
            44.438235
          ],
          [
            -110.674592,
            44.437924
          ],
          [
            -110.6747,
            44.437596
          ],
          [
            -110.674807,
            44.437268
          ],
          [
            -110.67492,
            44.436931
          ],
          [
            -110.675019,
            44.436593
          ],
          [
            -110.675135,
            44.436238
          ],
          [
            -110.675236,
            44.435901
          ],
          [
            -110.675351,
            44.435554
          ],
          [
            -110.675448,
            44.435204
          ],
          [
            -110.675489,
            44.435032
          ],
          [
            -110.675515,
            44.43484
          ],
          [
            -110.67551,
            44.434483
          ],
          [
            -110.675448,
            44.434136
          ],
          [
            -110.675336,
            44.433745
          ],
          [
            -110.675144,
            44.433019
          ],
          [
            -110.674951,
            44.432308
          ],
          [
            -110.674812,
            44.431961
          ],
          [
            -110.674596,
            44.431663
          ],
          [
            -110.674309,
            44.431397
          ],
          [
            -110.673963,
            44.431171
          ],
          [
            -110.673587,
            44.430967
          ],
          [
            -110.673197,
            44.430777
          ],
          [
            -110.672361,
            44.430433
          ],
          [
            -110.671953,
            44.430288
          ],
          [
            -110.671521,
            44.430189
          ],
          [
            -110.671076,
            44.430152
          ],
          [
            -110.670618,
            44.430179
          ],
          [
            -110.670161,
            44.430248
          ],
          [
            -110.669694,
            44.430335
          ],
          [
            -110.669196,
            44.4304
          ],
          [
            -110.668709,
            44.430398
          ],
          [
            -110.668195,
            44.430332
          ],
          [
            -110.667765,
            44.430202
          ],
          [
            -110.667293,
            44.430075
          ],
          [
            -110.666815,
            44.429931
          ],
          [
            -110.666359,
            44.429848
          ],
          [
            -110.66591,
            44.429822
          ],
          [
            -110.665412,
            44.429815
          ],
          [
            -110.664924,
            44.429859
          ],
          [
            -110.664443,
            44.429962
          ],
          [
            -110.663937,
            44.43011
          ],
          [
            -110.663575,
            44.430287
          ],
          [
            -110.663184,
            44.430512
          ],
          [
            -110.662804,
            44.430781
          ],
          [
            -110.662252,
            44.431193
          ],
          [
            -110.661873,
            44.431405
          ],
          [
            -110.661431,
            44.431585
          ],
          [
            -110.660893,
            44.431686
          ],
          [
            -110.660442,
            44.431706
          ],
          [
            -110.65993,
            44.431654
          ],
          [
            -110.659446,
            44.431539
          ],
          [
            -110.658715,
            44.4312
          ],
          [
            -110.658266,
            44.430979
          ],
          [
            -110.657879,
            44.430799
          ],
          [
            -110.657448,
            44.430684
          ],
          [
            -110.656993,
            44.430634
          ],
          [
            -110.656535,
            44.43064
          ],
          [
            -110.656109,
            44.430721
          ],
          [
            -110.655649,
            44.430907
          ],
          [
            -110.655264,
            44.431148
          ],
          [
            -110.655037,
            44.43137
          ],
          [
            -110.654814,
            44.431646
          ],
          [
            -110.654658,
            44.431954
          ],
          [
            -110.654495,
            44.432319
          ],
          [
            -110.654248,
            44.432864
          ],
          [
            -110.654042,
            44.433121
          ],
          [
            -110.653832,
            44.433318
          ],
          [
            -110.653455,
            44.433564
          ],
          [
            -110.653043,
            44.433715
          ],
          [
            -110.652581,
            44.433818
          ],
          [
            -110.65207,
            44.43385
          ],
          [
            -110.651531,
            44.43381
          ],
          [
            -110.650478,
            44.433712
          ],
          [
            -110.649927,
            44.433664
          ],
          [
            -110.649299,
            44.433594
          ],
          [
            -110.648771,
            44.433571
          ],
          [
            -110.64823,
            44.433572
          ],
          [
            -110.647671,
            44.433593
          ],
          [
            -110.646507,
            44.433674
          ],
          [
            -110.645358,
            44.433759
          ],
          [
            -110.644173,
            44.433824
          ],
          [
            -110.642955,
            44.433907
          ],
          [
            -110.64181,
            44.43398
          ],
          [
            -110.641302,
            44.434
          ],
          [
            -110.640799,
            44.434031
          ],
          [
            -110.640293,
            44.434056
          ],
          [
            -110.639814,
            44.434066
          ],
          [
            -110.639303,
            44.434063
          ],
          [
            -110.638827,
            44.434047
          ],
          [
            -110.63828,
            44.434005
          ],
          [
            -110.637758,
            44.433943
          ],
          [
            -110.637273,
            44.43387
          ],
          [
            -110.636759,
            44.433778
          ],
          [
            -110.636223,
            44.433663
          ],
          [
            -110.635712,
            44.433518
          ],
          [
            -110.63521,
            44.433361
          ],
          [
            -110.634739,
            44.433196
          ],
          [
            -110.634281,
            44.433021
          ],
          [
            -110.633858,
            44.432831
          ],
          [
            -110.633469,
            44.432664
          ],
          [
            -110.632989,
            44.432444
          ],
          [
            -110.631939,
            44.431979
          ],
          [
            -110.631302,
            44.431676
          ],
          [
            -110.63085,
            44.431458
          ],
          [
            -110.630361,
            44.431233
          ],
          [
            -110.629849,
            44.431004
          ],
          [
            -110.629411,
            44.430799
          ],
          [
            -110.628936,
            44.430589
          ],
          [
            -110.628019,
            44.430176
          ],
          [
            -110.627484,
            44.429943
          ],
          [
            -110.626503,
            44.42949
          ],
          [
            -110.625493,
            44.429041
          ],
          [
            -110.624973,
            44.428781
          ],
          [
            -110.62399,
            44.428346
          ],
          [
            -110.623473,
            44.428097
          ],
          [
            -110.622557,
            44.427677
          ],
          [
            -110.622079,
            44.427466
          ],
          [
            -110.620686,
            44.426836
          ],
          [
            -110.620194,
            44.426612
          ],
          [
            -110.619715,
            44.426397
          ],
          [
            -110.619245,
            44.426196
          ],
          [
            -110.618744,
            44.425981
          ],
          [
            -110.618255,
            44.425784
          ],
          [
            -110.617712,
            44.42558
          ],
          [
            -110.616626,
            44.425186
          ],
          [
            -110.616098,
            44.424993
          ],
          [
            -110.615583,
            44.424794
          ],
          [
            -110.613997,
            44.424222
          ],
          [
            -110.612892,
            44.423824
          ],
          [
            -110.61234,
            44.423624
          ],
          [
            -110.612055,
            44.423519
          ],
          [
            -110.611764,
            44.423413
          ],
          [
            -110.610189,
            44.42284
          ],
          [
            -110.609777,
            44.422699
          ],
          [
            -110.609313,
            44.422533
          ],
          [
            -110.608954,
            44.422394
          ],
          [
            -110.608647,
            44.422284
          ],
          [
            -110.608102,
            44.422085
          ],
          [
            -110.607626,
            44.421904
          ],
          [
            -110.607327,
            44.421793
          ],
          [
            -110.607053,
            44.421683
          ],
          [
            -110.606529,
            44.421476
          ],
          [
            -110.606038,
            44.421269
          ],
          [
            -110.605535,
            44.421052
          ],
          [
            -110.605046,
            44.420831
          ],
          [
            -110.60481,
            44.420729
          ],
          [
            -110.604557,
            44.420606
          ],
          [
            -110.604313,
            44.420496
          ],
          [
            -110.604066,
            44.420378
          ],
          [
            -110.603831,
            44.420272
          ],
          [
            -110.603583,
            44.42015
          ],
          [
            -110.603092,
            44.419922
          ],
          [
            -110.60263,
            44.419688
          ],
          [
            -110.602163,
            44.419449
          ],
          [
            -110.601923,
            44.419325
          ],
          [
            -110.601683,
            44.41919
          ],
          [
            -110.601472,
            44.419087
          ],
          [
            -110.601204,
            44.418956
          ],
          [
            -110.60098,
            44.418843
          ],
          [
            -110.600753,
            44.41872
          ],
          [
            -110.600305,
            44.418496
          ],
          [
            -110.600085,
            44.418378
          ],
          [
            -110.599852,
            44.418261
          ],
          [
            -110.599616,
            44.418139
          ],
          [
            -110.599361,
            44.418011
          ],
          [
            -110.598979,
            44.417811
          ],
          [
            -110.598716,
            44.417677
          ],
          [
            -110.59844,
            44.417528
          ],
          [
            -110.598087,
            44.417359
          ],
          [
            -110.597688,
            44.41719
          ],
          [
            -110.597516,
            44.417123
          ],
          [
            -110.597197,
            44.417031
          ],
          [
            -110.597011,
            44.416985
          ],
          [
            -110.596545,
            44.416896
          ],
          [
            -110.596089,
            44.416848
          ],
          [
            -110.595817,
            44.416841
          ],
          [
            -110.595545,
            44.416842
          ],
          [
            -110.595251,
            44.416859
          ],
          [
            -110.594972,
            44.41689
          ],
          [
            -110.594671,
            44.416937
          ],
          [
            -110.594376,
            44.417
          ],
          [
            -110.594136,
            44.417069
          ],
          [
            -110.593868,
            44.417164
          ],
          [
            -110.593577,
            44.417272
          ],
          [
            -110.593351,
            44.417383
          ],
          [
            -110.593086,
            44.417525
          ],
          [
            -110.592846,
            44.417694
          ],
          [
            -110.592598,
            44.417894
          ],
          [
            -110.592373,
            44.4181
          ],
          [
            -110.59212,
            44.418389
          ],
          [
            -110.591939,
            44.418633
          ],
          [
            -110.591854,
            44.41881
          ],
          [
            -110.591777,
            44.418985
          ],
          [
            -110.591654,
            44.419348
          ],
          [
            -110.591615,
            44.41958
          ],
          [
            -110.591606,
            44.419829
          ],
          [
            -110.591629,
            44.420137
          ],
          [
            -110.591677,
            44.420335
          ],
          [
            -110.591734,
            44.420526
          ],
          [
            -110.591877,
            44.420914
          ],
          [
            -110.592006,
            44.421288
          ],
          [
            -110.592068,
            44.421437
          ],
          [
            -110.59212,
            44.421644
          ],
          [
            -110.592141,
            44.421816
          ],
          [
            -110.592141,
            44.421989
          ],
          [
            -110.592123,
            44.422157
          ],
          [
            -110.592085,
            44.422324
          ],
          [
            -110.591997,
            44.422513
          ],
          [
            -110.591883,
            44.422681
          ],
          [
            -110.591771,
            44.422805
          ],
          [
            -110.591638,
            44.422938
          ],
          [
            -110.591493,
            44.423058
          ],
          [
            -110.591319,
            44.42317
          ],
          [
            -110.591117,
            44.423267
          ],
          [
            -110.590904,
            44.423351
          ],
          [
            -110.590644,
            44.423431
          ],
          [
            -110.590391,
            44.423496
          ],
          [
            -110.590125,
            44.42355
          ],
          [
            -110.589868,
            44.423592
          ],
          [
            -110.589599,
            44.423632
          ],
          [
            -110.589344,
            44.423662
          ],
          [
            -110.589087,
            44.423683
          ],
          [
            -110.588832,
            44.42369
          ],
          [
            -110.588572,
            44.42368
          ],
          [
            -110.588319,
            44.423654
          ],
          [
            -110.5881,
            44.423609
          ],
          [
            -110.587876,
            44.42355
          ],
          [
            -110.587659,
            44.423467
          ],
          [
            -110.587469,
            44.42337
          ],
          [
            -110.587298,
            44.42326
          ],
          [
            -110.587124,
            44.423127
          ],
          [
            -110.586979,
            44.422987
          ],
          [
            -110.586867,
            44.422827
          ],
          [
            -110.586693,
            44.422538
          ],
          [
            -110.586604,
            44.422227
          ],
          [
            -110.586578,
            44.421889
          ],
          [
            -110.58658,
            44.421538
          ],
          [
            -110.58658,
            44.421174
          ],
          [
            -110.586581,
            44.4208
          ],
          [
            -110.586566,
            44.420422
          ],
          [
            -110.586482,
            44.420039
          ],
          [
            -110.586291,
            44.419678
          ],
          [
            -110.585987,
            44.419353
          ],
          [
            -110.585599,
            44.41909
          ],
          [
            -110.585189,
            44.418857
          ],
          [
            -110.584769,
            44.418622
          ],
          [
            -110.584332,
            44.418375
          ],
          [
            -110.583893,
            44.418124
          ],
          [
            -110.583457,
            44.417879
          ],
          [
            -110.583071,
            44.417651
          ],
          [
            -110.582872,
            44.417545
          ],
          [
            -110.582572,
            44.417373
          ],
          [
            -110.582148,
            44.417127
          ],
          [
            -110.581727,
            44.416875
          ],
          [
            -110.581302,
            44.416635
          ],
          [
            -110.581101,
            44.416504
          ],
          [
            -110.58058,
            44.416079
          ],
          [
            -110.579943,
            44.415466
          ],
          [
            -110.579689,
            44.415229
          ],
          [
            -110.578543,
            44.414053
          ],
          [
            -110.577874,
            44.414399
          ],
          [
            -110.577708,
            44.414502
          ],
          [
            -110.577482,
            44.414654
          ],
          [
            -110.577267,
            44.414824
          ],
          [
            -110.577075,
            44.415012
          ],
          [
            -110.576911,
            44.415214
          ],
          [
            -110.576615,
            44.415613
          ],
          [
            -110.576305,
            44.415968
          ],
          [
            -110.576117,
            44.41613
          ],
          [
            -110.575902,
            44.416277
          ],
          [
            -110.57541,
            44.416574
          ],
          [
            -110.5746,
            44.417056
          ],
          [
            -110.574382,
            44.417199
          ],
          [
            -110.574178,
            44.417351
          ],
          [
            -110.573989,
            44.417531
          ],
          [
            -110.573822,
            44.417733
          ],
          [
            -110.573626,
            44.418089
          ],
          [
            -110.573525,
            44.418434
          ],
          [
            -110.573512,
            44.418699
          ],
          [
            -110.573529,
            44.418965
          ],
          [
            -110.573562,
            44.419231
          ],
          [
            -110.573668,
            44.419749
          ],
          [
            -110.573732,
            44.420006
          ],
          [
            -110.573879,
            44.420497
          ],
          [
            -110.574063,
            44.421011
          ],
          [
            -110.57443,
            44.421885
          ],
          [
            -110.575087,
            44.423442
          ],
          [
            -110.575309,
            44.424005
          ],
          [
            -110.575484,
            44.424405
          ],
          [
            -110.575703,
            44.4249
          ],
          [
            -110.575909,
            44.425383
          ],
          [
            -110.576059,
            44.425703
          ],
          [
            -110.576136,
            44.42586
          ],
          [
            -110.576241,
            44.426027
          ],
          [
            -110.576419,
            44.426281
          ],
          [
            -110.576575,
            44.426448
          ],
          [
            -110.576729,
            44.426587
          ],
          [
            -110.57699,
            44.426793
          ],
          [
            -110.577358,
            44.427009
          ],
          [
            -110.57771,
            44.427187
          ],
          [
            -110.578127,
            44.427346
          ],
          [
            -110.578598,
            44.427451
          ],
          [
            -110.579039,
            44.427522
          ],
          [
            -110.579522,
            44.427583
          ],
          [
            -110.580998,
            44.42772
          ],
          [
            -110.581423,
            44.427794
          ],
          [
            -110.581947,
            44.427899
          ],
          [
            -110.582413,
            44.428048
          ],
          [
            -110.582872,
            44.428234
          ],
          [
            -110.583249,
            44.428413
          ],
          [
            -110.583654,
            44.428658
          ],
          [
            -110.58401,
            44.428945
          ],
          [
            -110.58433,
            44.429232
          ],
          [
            -110.584576,
            44.429544
          ],
          [
            -110.584779,
            44.429859
          ],
          [
            -110.584939,
            44.430189
          ],
          [
            -110.585057,
            44.430527
          ],
          [
            -110.585141,
            44.430878
          ],
          [
            -110.585186,
            44.431243
          ],
          [
            -110.585197,
            44.431616
          ],
          [
            -110.585172,
            44.431994
          ],
          [
            -110.585104,
            44.432372
          ],
          [
            -110.584995,
            44.432746
          ],
          [
            -110.584854,
            44.433105
          ],
          [
            -110.584682,
            44.43346
          ],
          [
            -110.58448,
            44.433801
          ],
          [
            -110.584245,
            44.434129
          ],
          [
            -110.583979,
            44.434439
          ],
          [
            -110.58368,
            44.434735
          ],
          [
            -110.583357,
            44.435026
          ],
          [
            -110.58294,
            44.435385
          ],
          [
            -110.582928,
            44.435395
          ],
          [
            -110.58229,
            44.435878
          ],
          [
            -110.581521,
            44.436429
          ],
          [
            -110.58113,
            44.436693
          ],
          [
            -110.580728,
            44.436943
          ],
          [
            -110.580329,
            44.43718
          ],
          [
            -110.579931,
            44.437404
          ],
          [
            -110.578368,
            44.438244
          ],
          [
            -110.577601,
            44.438683
          ],
          [
            -110.576051,
            44.439685
          ],
          [
            -110.575631,
            44.439904
          ],
          [
            -110.575195,
            44.440101
          ],
          [
            -110.57475,
            44.440272
          ],
          [
            -110.574306,
            44.440405
          ],
          [
            -110.573873,
            44.440506
          ],
          [
            -110.572987,
            44.440673
          ],
          [
            -110.572532,
            44.440762
          ],
          [
            -110.572082,
            44.440872
          ],
          [
            -110.569856,
            44.441544
          ],
          [
            -110.569399,
            44.4417
          ],
          [
            -110.568958,
            44.441883
          ],
          [
            -110.56859,
            44.442077
          ],
          [
            -110.568282,
            44.442279
          ],
          [
            -110.567963,
            44.44253
          ],
          [
            -110.567692,
            44.442774
          ],
          [
            -110.567437,
            44.443069
          ],
          [
            -110.56722,
            44.443393
          ],
          [
            -110.567028,
            44.443734
          ],
          [
            -110.566806,
            44.444069
          ],
          [
            -110.566519,
            44.444379
          ],
          [
            -110.566137,
            44.444654
          ],
          [
            -110.565696,
            44.444877
          ],
          [
            -110.565245,
            44.445091
          ],
          [
            -110.564784,
            44.445292
          ],
          [
            -110.564346,
            44.44552
          ],
          [
            -110.563948,
            44.44578
          ],
          [
            -110.563598,
            44.446066
          ],
          [
            -110.563302,
            44.446385
          ],
          [
            -110.563072,
            44.446722
          ],
          [
            -110.562874,
            44.447063
          ],
          [
            -110.562758,
            44.447427
          ],
          [
            -110.562689,
            44.447787
          ],
          [
            -110.562671,
            44.448152
          ],
          [
            -110.562709,
            44.448512
          ],
          [
            -110.562817,
            44.448859
          ],
          [
            -110.562961,
            44.449197
          ],
          [
            -110.563601,
            44.450487
          ],
          [
            -110.563736,
            44.450802
          ],
          [
            -110.563937,
            44.451442
          ],
          [
            -110.563988,
            44.451767
          ],
          [
            -110.563995,
            44.452095
          ],
          [
            -110.563956,
            44.452424
          ],
          [
            -110.563841,
            44.452747
          ],
          [
            -110.563647,
            44.453057
          ],
          [
            -110.563401,
            44.453344
          ],
          [
            -110.563105,
            44.453604
          ],
          [
            -110.562755,
            44.453828
          ],
          [
            -110.561645,
            44.454472
          ],
          [
            -110.561261,
            44.454678
          ],
          [
            -110.560515,
            44.455111
          ],
          [
            -110.560187,
            44.455353
          ],
          [
            -110.559901,
            44.455627
          ],
          [
            -110.559662,
            44.455918
          ],
          [
            -110.559456,
            44.456228
          ],
          [
            -110.559267,
            44.456547
          ],
          [
            -110.558661,
            44.457517
          ],
          [
            -110.558441,
            44.457845
          ],
          [
            -110.558207,
            44.458154
          ],
          [
            -110.557935,
            44.458446
          ],
          [
            -110.557625,
            44.458719
          ],
          [
            -110.556641,
            44.459512
          ],
          [
            -110.556342,
            44.459795
          ],
          [
            -110.556088,
            44.460091
          ],
          [
            -110.555893,
            44.46041
          ],
          [
            -110.555775,
            44.460742
          ],
          [
            -110.555711,
            44.46108
          ],
          [
            -110.555706,
            44.461431
          ],
          [
            -110.555718,
            44.461782
          ],
          [
            -110.555753,
            44.462147
          ],
          [
            -110.555828,
            44.463241
          ],
          [
            -110.55583,
            44.463605
          ],
          [
            -110.555799,
            44.463974
          ],
          [
            -110.555711,
            44.464334
          ],
          [
            -110.555579,
            44.46468
          ],
          [
            -110.555409,
            44.465008
          ],
          [
            -110.555047,
            44.465637
          ],
          [
            -110.554894,
            44.465952
          ],
          [
            -110.554783,
            44.46628
          ],
          [
            -110.5547,
            44.466612
          ],
          [
            -110.554657,
            44.466945
          ],
          [
            -110.554668,
            44.467292
          ],
          [
            -110.55471,
            44.467643
          ],
          [
            -110.554845,
            44.468364
          ],
          [
            -110.554882,
            44.468729
          ],
          [
            -110.554884,
            44.469107
          ],
          [
            -110.554823,
            44.470214
          ],
          [
            -110.554802,
            44.470574
          ],
          [
            -110.554739,
            44.470934
          ],
          [
            -110.554609,
            44.471285
          ],
          [
            -110.55443,
            44.471606
          ],
          [
            -110.554203,
            44.471926
          ],
          [
            -110.553938,
            44.47222
          ],
          [
            -110.553643,
            44.472474
          ],
          [
            -110.553295,
            44.47276
          ],
          [
            -110.552637,
            44.473304
          ],
          [
            -110.551925,
            44.473908
          ],
          [
            -110.551567,
            44.474211
          ],
          [
            -110.551201,
            44.474512
          ],
          [
            -110.550927,
            44.474724
          ],
          [
            -110.550714,
            44.47488
          ],
          [
            -110.550517,
            44.475019
          ],
          [
            -110.550305,
            44.47514
          ],
          [
            -110.550019,
            44.47525
          ],
          [
            -110.549612,
            44.475379
          ],
          [
            -110.549139,
            44.475478
          ],
          [
            -110.548631,
            44.475568
          ],
          [
            -110.548126,
            44.475666
          ],
          [
            -110.547679,
            44.475769
          ],
          [
            -110.54721,
            44.475969
          ],
          [
            -110.546323,
            44.476289
          ],
          [
            -110.545835,
            44.476457
          ],
          [
            -110.544877,
            44.47678
          ],
          [
            -110.54351,
            44.477249
          ],
          [
            -110.54338,
            44.477296
          ],
          [
            -110.543065,
            44.477394
          ],
          [
            -110.542899,
            44.477446
          ],
          [
            -110.542624,
            44.477515
          ],
          [
            -110.542326,
            44.477566
          ],
          [
            -110.54199,
            44.477593
          ],
          [
            -110.541677,
            44.477603
          ],
          [
            -110.541393,
            44.477573
          ],
          [
            -110.541135,
            44.477528
          ],
          [
            -110.540426,
            44.477356
          ],
          [
            -110.539938,
            44.477199
          ],
          [
            -110.539479,
            44.47708
          ],
          [
            -110.539143,
            44.47702
          ],
          [
            -110.538774,
            44.476985
          ],
          [
            -110.538493,
            44.476974
          ],
          [
            -110.537907,
            44.476979
          ],
          [
            -110.537254,
            44.477022
          ],
          [
            -110.535819,
            44.477116
          ],
          [
            -110.534762,
            44.477179
          ],
          [
            -110.533681,
            44.477245
          ],
          [
            -110.532606,
            44.477306
          ],
          [
            -110.532047,
            44.477335
          ],
          [
            -110.531473,
            44.477343
          ],
          [
            -110.530923,
            44.477337
          ],
          [
            -110.530385,
            44.477308
          ],
          [
            -110.529848,
            44.477259
          ],
          [
            -110.529351,
            44.477185
          ],
          [
            -110.528902,
            44.477093
          ],
          [
            -110.5284,
            44.476946
          ],
          [
            -110.527979,
            44.476742
          ],
          [
            -110.527617,
            44.476481
          ],
          [
            -110.527334,
            44.476179
          ],
          [
            -110.527131,
            44.475876
          ],
          [
            -110.526801,
            44.475071
          ],
          [
            -110.526658,
            44.474692
          ],
          [
            -110.5265,
            44.474318
          ],
          [
            -110.526385,
            44.474129
          ],
          [
            -110.526282,
            44.473961
          ],
          [
            -110.526009,
            44.473632
          ],
          [
            -110.525689,
            44.473329
          ],
          [
            -110.525318,
            44.473057
          ],
          [
            -110.525067,
            44.472913
          ],
          [
            -110.52491,
            44.472817
          ],
          [
            -110.524477,
            44.472599
          ],
          [
            -110.521439,
            44.471101
          ],
          [
            -110.520533,
            44.470674
          ],
          [
            -110.520079,
            44.470451
          ],
          [
            -110.519191,
            44.469998
          ],
          [
            -110.518771,
            44.469748
          ],
          [
            -110.518387,
            44.469463
          ],
          [
            -110.518047,
            44.469147
          ],
          [
            -110.517765,
            44.468803
          ],
          [
            -110.517539,
            44.468442
          ],
          [
            -110.517353,
            44.468068
          ],
          [
            -110.516866,
            44.466931
          ],
          [
            -110.516694,
            44.466553
          ],
          [
            -110.516316,
            44.465799
          ],
          [
            -110.516096,
            44.465429
          ],
          [
            -110.515854,
            44.465063
          ],
          [
            -110.515595,
            44.464702
          ],
          [
            -110.515319,
            44.46435
          ],
          [
            -110.515032,
            44.464016
          ],
          [
            -110.514355,
            44.463366
          ],
          [
            -110.514093,
            44.463071
          ],
          [
            -110.513752,
            44.462772
          ],
          [
            -110.513401,
            44.462478
          ],
          [
            -110.51304,
            44.462198
          ],
          [
            -110.512668,
            44.46193
          ],
          [
            -110.512283,
            44.461681
          ],
          [
            -110.511882,
            44.461441
          ],
          [
            -110.510656,
            44.460716
          ],
          [
            -110.510257,
            44.460466
          ],
          [
            -110.509895,
            44.460195
          ],
          [
            -110.509594,
            44.459887
          ],
          [
            -110.509362,
            44.459553
          ],
          [
            -110.509188,
            44.459197
          ],
          [
            -110.509045,
            44.458827
          ],
          [
            -110.508511,
            44.457347
          ],
          [
            -110.508216,
            44.456485
          ],
          [
            -110.507957,
            44.455914
          ],
          [
            -110.507734,
            44.455571
          ],
          [
            -110.507454,
            44.455255
          ],
          [
            -110.507126,
            44.454966
          ],
          [
            -110.506761,
            44.454698
          ],
          [
            -110.505648,
            44.453942
          ],
          [
            -110.505272,
            44.453711
          ],
          [
            -110.504868,
            44.453502
          ],
          [
            -110.50454,
            44.453364
          ],
          [
            -110.503992,
            44.453156
          ],
          [
            -110.503519,
            44.453023
          ],
          [
            -110.503029,
            44.452927
          ],
          [
            -110.5022,
            44.452849
          ],
          [
            -110.501498,
            44.452834
          ],
          [
            -110.500986,
            44.452873
          ],
          [
            -110.50048,
            44.452947
          ],
          [
            -110.499978,
            44.453048
          ],
          [
            -110.497988,
            44.453499
          ],
          [
            -110.497475,
            44.4536
          ],
          [
            -110.496964,
            44.453742
          ],
          [
            -110.496467,
            44.453924
          ],
          [
            -110.495994,
            44.454125
          ],
          [
            -110.495544,
            44.454348
          ],
          [
            -110.495101,
            44.45458
          ],
          [
            -110.493355,
            44.45554
          ],
          [
            -110.492452,
            44.456004
          ],
          [
            -110.491985,
            44.456227
          ],
          [
            -110.491018,
            44.45665
          ],
          [
            -110.489987,
            44.457042
          ],
          [
            -110.488943,
            44.457424
          ],
          [
            -110.487909,
            44.457789
          ],
          [
            -110.487406,
            44.457935
          ],
          [
            -110.486904,
            44.458109
          ],
          [
            -110.484931,
            44.458811
          ],
          [
            -110.484284,
            44.459063
          ],
          [
            -110.483978,
            44.459162
          ],
          [
            -110.48349,
            44.459313
          ],
          [
            -110.483006,
            44.459477
          ],
          [
            -110.4821,
            44.459847
          ],
          [
            -110.481699,
            44.460088
          ],
          [
            -110.481341,
            44.460384
          ],
          [
            -110.481005,
            44.460684
          ],
          [
            -110.480371,
            44.461288
          ],
          [
            -110.48002,
            44.461575
          ],
          [
            -110.479624,
            44.461839
          ],
          [
            -110.478743,
            44.462298
          ],
          [
            -110.477839,
            44.462717
          ],
          [
            -110.477387,
            44.462918
          ],
          [
            -110.476953,
            44.463141
          ],
          [
            -110.476545,
            44.463378
          ],
          [
            -110.476165,
            44.463632
          ],
          [
            -110.473936,
            44.465265
          ],
          [
            -110.473546,
            44.465507
          ],
          [
            -110.473137,
            44.46573
          ],
          [
            -110.472705,
            44.465926
          ],
          [
            -110.47226,
            44.466095
          ],
          [
            -110.471808,
            44.46625
          ],
          [
            -110.471335,
            44.466374
          ],
          [
            -110.470424,
            44.466653
          ],
          [
            -110.470199,
            44.466738
          ],
          [
            -110.469553,
            44.467032
          ],
          [
            -110.46911,
            44.467215
          ],
          [
            -110.46862,
            44.467352
          ],
          [
            -110.468111,
            44.467453
          ],
          [
            -110.467587,
            44.467509
          ],
          [
            -110.466546,
            44.467648
          ],
          [
            -110.46604,
            44.467745
          ],
          [
            -110.465557,
            44.467896
          ],
          [
            -110.465114,
            44.468092
          ],
          [
            -110.464721,
            44.468328
          ],
          [
            -110.463972,
            44.468825
          ],
          [
            -110.463554,
            44.469043
          ],
          [
            -110.46309,
            44.469235
          ],
          [
            -110.462586,
            44.469363
          ],
          [
            -110.462058,
            44.469441
          ],
          [
            -110.461515,
            44.469479
          ],
          [
            -110.460974,
            44.469472
          ],
          [
            -110.460448,
            44.469483
          ],
          [
            -110.459937,
            44.469544
          ],
          [
            -110.459449,
            44.469654
          ],
          [
            -110.458984,
            44.469809
          ],
          [
            -110.458556,
            44.47001
          ],
          [
            -110.458167,
            44.47026
          ],
          [
            -110.457817,
            44.470547
          ],
          [
            -110.457522,
            44.470869
          ],
          [
            -110.457265,
            44.471201
          ],
          [
            -110.456987,
            44.47151
          ],
          [
            -110.45667,
            44.471824
          ],
          [
            -110.456304,
            44.472106
          ],
          [
            -110.45588,
            44.472351
          ],
          [
            -110.454921,
            44.472783
          ],
          [
            -110.453438,
            44.473407
          ],
          [
            -110.451956,
            44.474016
          ],
          [
            -110.451452,
            44.474203
          ],
          [
            -110.450935,
            44.474376
          ],
          [
            -110.449866,
            44.474681
          ],
          [
            -110.449317,
            44.474827
          ],
          [
            -110.447627,
            44.475296
          ],
          [
            -110.447049,
            44.475446
          ],
          [
            -110.444213,
            44.476234
          ],
          [
            -110.443684,
            44.476398
          ],
          [
            -110.443177,
            44.47658
          ],
          [
            -110.442682,
            44.476771
          ],
          [
            -110.442205,
            44.47698
          ],
          [
            -110.441752,
            44.477208
          ],
          [
            -110.441319,
            44.477453
          ],
          [
            -110.440905,
            44.477703
          ],
          [
            -110.440507,
            44.477971
          ],
          [
            -110.440127,
            44.478253
          ],
          [
            -110.439775,
            44.478557
          ],
          [
            -110.436371,
            44.481827
          ],
          [
            -110.436026,
            44.482149
          ],
          [
            -110.435697,
            44.482481
          ],
          [
            -110.435366,
            44.482798
          ],
          [
            -110.43341,
            44.484661
          ],
          [
            -110.433104,
            44.484979
          ],
          [
            -110.432831,
            44.485316
          ],
          [
            -110.432361,
            44.48602
          ],
          [
            -110.432116,
            44.486361
          ],
          [
            -110.431829,
            44.486679
          ],
          [
            -110.431505,
            44.48697
          ],
          [
            -110.430436,
            44.487829
          ],
          [
            -110.429369,
            44.488715
          ],
          [
            -110.428384,
            44.489624
          ],
          [
            -110.427807,
            44.490224
          ],
          [
            -110.427236,
            44.490842
          ],
          [
            -110.426938,
            44.491147
          ],
          [
            -110.426589,
            44.49142
          ],
          [
            -110.426186,
            44.491656
          ],
          [
            -110.425737,
            44.491839
          ],
          [
            -110.424823,
            44.492154
          ],
          [
            -110.424393,
            44.492336
          ],
          [
            -110.424011,
            44.492564
          ],
          [
            -110.423691,
            44.492837
          ],
          [
            -110.423419,
            44.493155
          ],
          [
            -110.423162,
            44.493478
          ],
          [
            -110.42267,
            44.494128
          ],
          [
            -110.42241,
            44.494433
          ],
          [
            -110.421413,
            44.495684
          ],
          [
            -110.421153,
            44.495979
          ],
          [
            -110.420914,
            44.49632
          ],
          [
            -110.420673,
            44.496643
          ],
          [
            -110.42045,
            44.496971
          ],
          [
            -110.4203,
            44.497321
          ],
          [
            -110.420251,
            44.49769
          ],
          [
            -110.4203,
            44.498064
          ],
          [
            -110.420329,
            44.498176
          ],
          [
            -110.4204,
            44.498451
          ],
          [
            -110.420981,
            44.500381
          ],
          [
            -110.421469,
            44.501932
          ],
          [
            -110.421703,
            44.502707
          ],
          [
            -110.421769,
            44.503099
          ],
          [
            -110.421777,
            44.503486
          ],
          [
            -110.421724,
            44.503873
          ],
          [
            -110.42162,
            44.504242
          ],
          [
            -110.421473,
            44.504597
          ],
          [
            -110.421293,
            44.504947
          ],
          [
            -110.420708,
            44.505988
          ],
          [
            -110.420304,
            44.506679
          ],
          [
            -110.419909,
            44.507397
          ],
          [
            -110.419252,
            44.508429
          ],
          [
            -110.418796,
            44.509089
          ],
          [
            -110.418625,
            44.509435
          ],
          [
            -110.418506,
            44.509785
          ],
          [
            -110.418326,
            44.510513
          ],
          [
            -110.418215,
            44.510873
          ],
          [
            -110.417634,
            44.512346
          ],
          [
            -110.417515,
            44.512733
          ],
          [
            -110.41748,
            44.513124
          ],
          [
            -110.417557,
            44.513507
          ],
          [
            -110.417743,
            44.513868
          ],
          [
            -110.418009,
            44.514207
          ],
          [
            -110.419051,
            44.515365
          ],
          [
            -110.419543,
            44.515863
          ],
          [
            -110.419903,
            44.516153
          ],
          [
            -110.420337,
            44.516384
          ],
          [
            -110.420828,
            44.516553
          ],
          [
            -110.421358,
            44.51666
          ],
          [
            -110.42191,
            44.516739
          ],
          [
            -110.422441,
            44.516845
          ],
          [
            -110.422918,
            44.517001
          ],
          [
            -110.423345,
            44.517255
          ],
          [
            -110.423728,
            44.517549
          ],
          [
            -110.424384,
            44.518183
          ],
          [
            -110.424754,
            44.518455
          ],
          [
            -110.425183,
            44.518691
          ],
          [
            -110.427015,
            44.519326
          ],
          [
            -110.427476,
            44.51949
          ],
          [
            -110.428356,
            44.519819
          ],
          [
            -110.428739,
            44.520032
          ],
          [
            -110.429053,
            44.520295
          ],
          [
            -110.429296,
            44.520575
          ],
          [
            -110.429477,
            44.520887
          ],
          [
            -110.429613,
            44.521211
          ],
          [
            -110.429838,
            44.521879
          ],
          [
            -110.429989,
            44.522204
          ],
          [
            -110.430203,
            44.522515
          ],
          [
            -110.430408,
            44.522737
          ],
          [
            -110.430601,
            44.522903
          ],
          [
            -110.430803,
            44.523046
          ],
          [
            -110.431164,
            44.523228
          ],
          [
            -110.431435,
            44.52332
          ],
          [
            -110.431702,
            44.523392
          ],
          [
            -110.431931,
            44.523439
          ],
          [
            -110.432185,
            44.523466
          ],
          [
            -110.432748,
            44.523488
          ],
          [
            -110.433282,
            44.523469
          ],
          [
            -110.433795,
            44.523471
          ],
          [
            -110.434329,
            44.523504
          ],
          [
            -110.434838,
            44.523592
          ],
          [
            -110.435328,
            44.523738
          ],
          [
            -110.435775,
            44.523929
          ],
          [
            -110.436164,
            44.524179
          ],
          [
            -110.436492,
            44.524464
          ],
          [
            -110.436742,
            44.52478
          ],
          [
            -110.436903,
            44.525119
          ],
          [
            -110.436977,
            44.525466
          ],
          [
            -110.436968,
            44.525821
          ],
          [
            -110.436896,
            44.526168
          ],
          [
            -110.436712,
            44.526842
          ],
          [
            -110.436642,
            44.527179
          ],
          [
            -110.4366,
            44.527517
          ],
          [
            -110.43658,
            44.527845
          ],
          [
            -110.436561,
            44.528336
          ],
          [
            -110.436483,
            44.529136
          ],
          [
            -110.43645,
            44.529274
          ],
          [
            -110.43641,
            44.529451
          ],
          [
            -110.436308,
            44.529757
          ],
          [
            -110.436191,
            44.530058
          ],
          [
            -110.436052,
            44.530354
          ],
          [
            -110.435953,
            44.530522
          ],
          [
            -110.435722,
            44.530906
          ],
          [
            -110.43539,
            44.531427
          ],
          [
            -110.435167,
            44.531788
          ],
          [
            -110.434799,
            44.53238
          ],
          [
            -110.434627,
            44.532665
          ],
          [
            -110.434501,
            44.532899
          ],
          [
            -110.434394,
            44.533137
          ],
          [
            -110.434345,
            44.533479
          ],
          [
            -110.434326,
            44.533753
          ],
          [
            -110.434329,
            44.53405
          ],
          [
            -110.434309,
            44.534334
          ],
          [
            -110.434241,
            44.534594
          ],
          [
            -110.43413,
            44.534837
          ],
          [
            -110.433969,
            44.535057
          ],
          [
            -110.43376,
            44.535263
          ],
          [
            -110.433271,
            44.53567
          ],
          [
            -110.432578,
            44.53622
          ],
          [
            -110.432459,
            44.536314
          ],
          [
            -110.432178,
            44.536502
          ],
          [
            -110.431338,
            44.537249
          ],
          [
            -110.430479,
            44.538046
          ],
          [
            -110.430164,
            44.53831
          ],
          [
            -110.429818,
            44.538565
          ],
          [
            -110.429438,
            44.538815
          ],
          [
            -110.429026,
            44.539052
          ],
          [
            -110.42858,
            44.539261
          ],
          [
            -110.42811,
            44.539448
          ],
          [
            -110.427625,
            44.539621
          ],
          [
            -110.42662,
            44.539967
          ],
          [
            -110.424197,
            44.54077
          ],
          [
            -110.423332,
            44.541044
          ],
          [
            -110.422531,
            44.541319
          ],
          [
            -110.422145,
            44.541461
          ],
          [
            -110.421758,
            44.541626
          ],
          [
            -110.42137,
            44.541822
          ],
          [
            -110.420999,
            44.542059
          ],
          [
            -110.420654,
            44.542309
          ],
          [
            -110.420341,
            44.542587
          ],
          [
            -110.420066,
            44.542896
          ],
          [
            -110.419817,
            44.543205
          ],
          [
            -110.419313,
            44.543869
          ],
          [
            -110.419063,
            44.544214
          ],
          [
            -110.418546,
            44.544887
          ],
          [
            -110.41844,
            44.54506
          ],
          [
            -110.418325,
            44.545241
          ],
          [
            -110.418153,
            44.545609
          ],
          [
            -110.418114,
            44.545767
          ],
          [
            -110.418055,
            44.546
          ],
          [
            -110.418013,
            44.546396
          ],
          [
            -110.41796,
            44.547184
          ],
          [
            -110.417866,
            44.547561
          ],
          [
            -110.41769,
            44.547921
          ],
          [
            -110.417438,
            44.548244
          ],
          [
            -110.41713,
            44.548526
          ],
          [
            -110.416764,
            44.548767
          ],
          [
            -110.416353,
            44.548958
          ],
          [
            -110.41591,
            44.549109
          ],
          [
            -110.415445,
            44.549206
          ],
          [
            -110.414976,
            44.549248
          ],
          [
            -110.414504,
            44.549277
          ],
          [
            -110.414028,
            44.549302
          ],
          [
            -110.413549,
            44.549313
          ],
          [
            -110.412153,
            44.549495
          ],
          [
            -110.411713,
            44.54961
          ],
          [
            -110.411534,
            44.549665
          ],
          [
            -110.411298,
            44.549742
          ],
          [
            -110.410914,
            44.549898
          ],
          [
            -110.410033,
            44.550384
          ],
          [
            -110.409874,
            44.550496
          ],
          [
            -110.40958,
            44.550751
          ],
          [
            -110.409316,
            44.551029
          ],
          [
            -110.409069,
            44.55132
          ],
          [
            -110.40875,
            44.551755
          ],
          [
            -110.408188,
            44.552544
          ],
          [
            -110.407514,
            44.553459
          ],
          [
            -110.406784,
            44.5545
          ],
          [
            -110.406558,
            44.554786
          ],
          [
            -110.406284,
            44.555069
          ],
          [
            -110.405958,
            44.555346
          ],
          [
            -110.40559,
            44.555596
          ],
          [
            -110.405183,
            44.555801
          ],
          [
            -110.404753,
            44.555988
          ],
          [
            -110.404288,
            44.556125
          ],
          [
            -110.403895,
            44.556211
          ],
          [
            -110.403805,
            44.556231
          ],
          [
            -110.403314,
            44.556322
          ],
          [
            -110.403037,
            44.556388
          ],
          [
            -110.402351,
            44.556556
          ],
          [
            -110.401865,
            44.556666
          ],
          [
            -110.401723,
            44.556695
          ],
          [
            -110.400901,
            44.556863
          ],
          [
            -110.400431,
            44.556974
          ],
          [
            -110.399946,
            44.55707
          ],
          [
            -110.39896,
            44.557285
          ],
          [
            -110.398466,
            44.557422
          ],
          [
            -110.397987,
            44.557582
          ],
          [
            -110.397525,
            44.557755
          ],
          [
            -110.397088,
            44.557951
          ],
          [
            -110.396675,
            44.558165
          ],
          [
            -110.396282,
            44.558406
          ],
          [
            -110.395916,
            44.558669
          ],
          [
            -110.395576,
            44.558951
          ],
          [
            -110.395264,
            44.559242
          ],
          [
            -110.394983,
            44.559556
          ],
          [
            -110.394716,
            44.559874
          ],
          [
            -110.394453,
            44.560196
          ],
          [
            -110.393704,
            44.561165
          ],
          [
            -110.393366,
            44.561569
          ],
          [
            -110.392987,
            44.562075
          ],
          [
            -110.390834,
            44.564843
          ],
          [
            -110.389385,
            44.56671
          ],
          [
            -110.388731,
            44.567572
          ],
          [
            -110.388491,
            44.567889
          ],
          [
            -110.388315,
            44.568105
          ],
          [
            -110.388116,
            44.568356
          ],
          [
            -110.387991,
            44.568528
          ],
          [
            -110.387652,
            44.568961
          ],
          [
            -110.386563,
            44.570357
          ],
          [
            -110.386365,
            44.570603
          ],
          [
            -110.385629,
            44.571529
          ],
          [
            -110.385083,
            44.572066
          ],
          [
            -110.384779,
            44.572384
          ],
          [
            -110.38416,
            44.572925
          ],
          [
            -110.383847,
            44.57318
          ],
          [
            -110.383229,
            44.573717
          ],
          [
            -110.382923,
            44.574012
          ],
          [
            -110.381998,
            44.574827
          ],
          [
            -110.381683,
            44.57509
          ],
          [
            -110.381381,
            44.575372
          ],
          [
            -110.381064,
            44.575645
          ],
          [
            -110.380763,
            44.575923
          ],
          [
            -110.380483,
            44.576214
          ],
          [
            -110.380235,
            44.5765
          ],
          [
            -110.380032,
            44.576792
          ],
          [
            -110.379863,
            44.577097
          ],
          [
            -110.379743,
            44.577421
          ],
          [
            -110.379654,
            44.577803
          ],
          [
            -110.379628,
            44.578069
          ],
          [
            -110.37962,
            44.57839
          ],
          [
            -110.37963,
            44.578665
          ],
          [
            -110.379684,
            44.578909
          ],
          [
            -110.379756,
            44.579158
          ],
          [
            -110.379842,
            44.579393
          ],
          [
            -110.379966,
            44.57971
          ],
          [
            -110.380156,
            44.580025
          ],
          [
            -110.38033,
            44.580281
          ],
          [
            -110.380872,
            44.58095
          ],
          [
            -110.381384,
            44.581592
          ],
          [
            -110.381674,
            44.581962
          ],
          [
            -110.381873,
            44.582266
          ],
          [
            -110.382053,
            44.582601
          ],
          [
            -110.382344,
            44.583102
          ],
          [
            -110.382616,
            44.583468
          ],
          [
            -110.382766,
            44.583662
          ],
          [
            -110.382884,
            44.583853
          ],
          [
            -110.383021,
            44.584148
          ],
          [
            -110.38312,
            44.584484
          ],
          [
            -110.383415,
            44.586078
          ],
          [
            -110.383502,
            44.586398
          ],
          [
            -110.383623,
            44.586714
          ],
          [
            -110.383779,
            44.587021
          ],
          [
            -110.383962,
            44.587328
          ],
          [
            -110.384392,
            44.587949
          ],
          [
            -110.384807,
            44.588564
          ],
          [
            -110.384998,
            44.588869
          ],
          [
            -110.385158,
            44.589179
          ],
          [
            -110.385302,
            44.589544
          ],
          [
            -110.385629,
            44.590436
          ],
          [
            -110.385964,
            44.591299
          ],
          [
            -110.386207,
            44.59186
          ],
          [
            -110.386441,
            44.592382
          ],
          [
            -110.38657,
            44.59267
          ],
          [
            -110.386797,
            44.59324
          ],
          [
            -110.386921,
            44.593569
          ],
          [
            -110.387047,
            44.593863
          ],
          [
            -110.38718,
            44.594129
          ],
          [
            -110.387446,
            44.594725
          ],
          [
            -110.387557,
            44.595018
          ],
          [
            -110.387636,
            44.595315
          ],
          [
            -110.387679,
            44.595613
          ],
          [
            -110.387676,
            44.595905
          ],
          [
            -110.387606,
            44.59649
          ],
          [
            -110.387562,
            44.596737
          ],
          [
            -110.38746,
            44.5977
          ],
          [
            -110.387373,
            44.598366
          ],
          [
            -110.387316,
            44.598694
          ],
          [
            -110.387231,
            44.599022
          ],
          [
            -110.387131,
            44.59935
          ],
          [
            -110.387016,
            44.599669
          ],
          [
            -110.386888,
            44.599984
          ],
          [
            -110.38658,
            44.60063
          ],
          [
            -110.38557,
            44.602592
          ],
          [
            -110.385374,
            44.602904
          ],
          [
            -110.3852,
            44.603174
          ],
          [
            -110.384945,
            44.603456
          ],
          [
            -110.384702,
            44.603703
          ],
          [
            -110.384363,
            44.604012
          ],
          [
            -110.384097,
            44.60429
          ],
          [
            -110.383875,
            44.604601
          ],
          [
            -110.383761,
            44.604804
          ],
          [
            -110.383694,
            44.60495
          ],
          [
            -110.383649,
            44.605115
          ],
          [
            -110.383626,
            44.605315
          ],
          [
            -110.383625,
            44.605515
          ],
          [
            -110.383669,
            44.605796
          ],
          [
            -110.38376,
            44.606079
          ],
          [
            -110.383884,
            44.606273
          ],
          [
            -110.38392,
            44.606329
          ],
          [
            -110.384163,
            44.606599
          ],
          [
            -110.384439,
            44.606806
          ],
          [
            -110.384777,
            44.607045
          ],
          [
            -110.385004,
            44.607168
          ],
          [
            -110.385246,
            44.607271
          ],
          [
            -110.385579,
            44.60738
          ],
          [
            -110.38603,
            44.607466
          ],
          [
            -110.386627,
            44.607597
          ],
          [
            -110.387255,
            44.607721
          ],
          [
            -110.388002,
            44.607831
          ],
          [
            -110.38847,
            44.607904
          ],
          [
            -110.38908,
            44.608005
          ],
          [
            -110.390094,
            44.608199
          ],
          [
            -110.390804,
            44.608341
          ],
          [
            -110.391016,
            44.608372
          ],
          [
            -110.39143,
            44.60843
          ],
          [
            -110.391864,
            44.608489
          ],
          [
            -110.392521,
            44.608561
          ],
          [
            -110.393333,
            44.608623
          ],
          [
            -110.393759,
            44.608644
          ],
          [
            -110.395569,
            44.60875
          ],
          [
            -110.397709,
            44.608817
          ],
          [
            -110.398103,
            44.608852
          ],
          [
            -110.398496,
            44.608913
          ],
          [
            -110.398875,
            44.608984
          ],
          [
            -110.39927,
            44.609083
          ],
          [
            -110.399863,
            44.609283
          ],
          [
            -110.40011,
            44.609355
          ],
          [
            -110.400512,
            44.609443
          ],
          [
            -110.401755,
            44.6096
          ],
          [
            -110.402229,
            44.609692
          ],
          [
            -110.4026,
            44.609784
          ],
          [
            -110.403006,
            44.609908
          ],
          [
            -110.403413,
            44.610022
          ],
          [
            -110.403809,
            44.610135
          ],
          [
            -110.404216,
            44.610233
          ],
          [
            -110.404629,
            44.610322
          ],
          [
            -110.405507,
            44.610476
          ],
          [
            -110.406681,
            44.610699
          ],
          [
            -110.406907,
            44.610742
          ],
          [
            -110.408077,
            44.610945
          ],
          [
            -110.408348,
            44.610997
          ],
          [
            -110.410457,
            44.611387
          ],
          [
            -110.410883,
            44.611517
          ],
          [
            -110.411213,
            44.611635
          ],
          [
            -110.411598,
            44.611815
          ],
          [
            -110.41194,
            44.61199
          ],
          [
            -110.412317,
            44.612204
          ],
          [
            -110.412509,
            44.612322
          ],
          [
            -110.412706,
            44.612467
          ],
          [
            -110.412909,
            44.61265
          ],
          [
            -110.413151,
            44.612897
          ],
          [
            -110.41338,
            44.613159
          ],
          [
            -110.413571,
            44.613419
          ],
          [
            -110.414078,
            44.614242
          ],
          [
            -110.414598,
            44.615064
          ],
          [
            -110.414802,
            44.615322
          ],
          [
            -110.415031,
            44.615575
          ],
          [
            -110.415283,
            44.615806
          ],
          [
            -110.415851,
            44.616214
          ],
          [
            -110.416147,
            44.616409
          ],
          [
            -110.416723,
            44.616808
          ],
          [
            -110.417299,
            44.617189
          ],
          [
            -110.417861,
            44.617525
          ],
          [
            -110.41815,
            44.61768
          ],
          [
            -110.418442,
            44.617812
          ],
          [
            -110.418735,
            44.617926
          ],
          [
            -110.419041,
            44.618031
          ],
          [
            -110.419353,
            44.618118
          ],
          [
            -110.419937,
            44.61826
          ],
          [
            -110.42039,
            44.618325
          ],
          [
            -110.420807,
            44.618368
          ],
          [
            -110.421867,
            44.618487
          ],
          [
            -110.422045,
            44.618518
          ],
          [
            -110.422236,
            44.618559
          ],
          [
            -110.422424,
            44.618606
          ],
          [
            -110.422718,
            44.618684
          ],
          [
            -110.422963,
            44.618765
          ],
          [
            -110.423753,
            44.61905
          ],
          [
            -110.425902,
            44.619814
          ],
          [
            -110.426541,
            44.620042
          ],
          [
            -110.427723,
            44.620459
          ],
          [
            -110.42814,
            44.620615
          ],
          [
            -110.428519,
            44.620811
          ],
          [
            -110.428876,
            44.621029
          ],
          [
            -110.429202,
            44.621264
          ],
          [
            -110.429758,
            44.621794
          ],
          [
            -110.430086,
            44.622137
          ],
          [
            -110.43139,
            44.623498
          ],
          [
            -110.431753,
            44.623865
          ],
          [
            -110.432744,
            44.624892
          ],
          [
            -110.432919,
            44.625104
          ],
          [
            -110.433035,
            44.625335
          ],
          [
            -110.433096,
            44.625569
          ],
          [
            -110.433092,
            44.625807
          ],
          [
            -110.43304,
            44.626037
          ],
          [
            -110.432915,
            44.626384
          ],
          [
            -110.432875,
            44.626486
          ],
          [
            -110.432808,
            44.626711
          ],
          [
            -110.43278,
            44.626931
          ],
          [
            -110.432804,
            44.627147
          ],
          [
            -110.432877,
            44.62735
          ],
          [
            -110.432971,
            44.62754
          ],
          [
            -110.433161,
            44.627721
          ],
          [
            -110.43339,
            44.627884
          ],
          [
            -110.433651,
            44.628038
          ],
          [
            -110.434003,
            44.628225
          ],
          [
            -110.434758,
            44.628607
          ],
          [
            -110.4353,
            44.628848
          ],
          [
            -110.435829,
            44.629062
          ],
          [
            -110.436383,
            44.629285
          ],
          [
            -110.437576,
            44.629719
          ],
          [
            -110.438376,
            44.63002
          ],
          [
            -110.438794,
            44.63017
          ],
          [
            -110.43923,
            44.630294
          ],
          [
            -110.439692,
            44.630395
          ],
          [
            -110.440147,
            44.630447
          ],
          [
            -110.440587,
            44.630458
          ],
          [
            -110.441054,
            44.630447
          ],
          [
            -110.442,
            44.630402
          ],
          [
            -110.442467,
            44.630427
          ],
          [
            -110.442946,
            44.630492
          ],
          [
            -110.443415,
            44.630612
          ],
          [
            -110.443855,
            44.630767
          ],
          [
            -110.444267,
            44.630953
          ],
          [
            -110.444644,
            44.631171
          ],
          [
            -110.445004,
            44.631407
          ],
          [
            -110.445363,
            44.631629
          ],
          [
            -110.445697,
            44.631851
          ],
          [
            -110.446001,
            44.632101
          ],
          [
            -110.446272,
            44.632367
          ],
          [
            -110.446503,
            44.632648
          ],
          [
            -110.446719,
            44.632928
          ],
          [
            -110.447623,
            44.634183
          ],
          [
            -110.447919,
            44.634464
          ],
          [
            -110.448259,
            44.634713
          ],
          [
            -110.44863,
            44.634936
          ],
          [
            -110.44984,
            44.635531
          ],
          [
            -110.450228,
            44.635767
          ],
          [
            -110.450578,
            44.636021
          ],
          [
            -110.450856,
            44.636251
          ],
          [
            -110.45103,
            44.636422
          ],
          [
            -110.451182,
            44.636595
          ],
          [
            -110.451424,
            44.636885
          ],
          [
            -110.45239,
            44.638064
          ],
          [
            -110.453134,
            44.6389
          ],
          [
            -110.453979,
            44.639692
          ],
          [
            -110.454569,
            44.640199
          ],
          [
            -110.454893,
            44.640476
          ],
          [
            -110.455056,
            44.640624
          ],
          [
            -110.4556,
            44.64119
          ],
          [
            -110.455864,
            44.641479
          ],
          [
            -110.456128,
            44.641795
          ],
          [
            -110.456373,
            44.642116
          ],
          [
            -110.456588,
            44.642437
          ],
          [
            -110.456992,
            44.643091
          ],
          [
            -110.457371,
            44.643755
          ],
          [
            -110.458494,
            44.645648
          ],
          [
            -110.458648,
            44.645915
          ],
          [
            -110.458737,
            44.646069
          ],
          [
            -110.458926,
            44.646395
          ],
          [
            -110.459121,
            44.646735
          ],
          [
            -110.459232,
            44.64693
          ],
          [
            -110.459514,
            44.647406
          ],
          [
            -110.459717,
            44.647732
          ],
          [
            -110.459921,
            44.64803
          ],
          [
            -110.460161,
            44.648314
          ],
          [
            -110.460445,
            44.648572
          ],
          [
            -110.460777,
            44.648803
          ],
          [
            -110.461149,
            44.648985
          ],
          [
            -110.461958,
            44.649277
          ],
          [
            -110.46234,
            44.64945
          ],
          [
            -110.462691,
            44.649659
          ],
          [
            -110.462976,
            44.649907
          ],
          [
            -110.463189,
            44.650179
          ],
          [
            -110.463357,
            44.650436
          ],
          [
            -110.464139,
            44.651939
          ],
          [
            -110.464262,
            44.65229
          ],
          [
            -110.464337,
            44.652655
          ],
          [
            -110.464376,
            44.65302
          ],
          [
            -110.464371,
            44.653394
          ],
          [
            -110.464311,
            44.653762
          ],
          [
            -110.464215,
            44.654131
          ],
          [
            -110.464105,
            44.654527
          ],
          [
            -110.463887,
            44.655223
          ],
          [
            -110.463783,
            44.655601
          ],
          [
            -110.463694,
            44.655983
          ],
          [
            -110.463621,
            44.656379
          ],
          [
            -110.463517,
            44.657157
          ],
          [
            -110.463468,
            44.657945
          ],
          [
            -110.463463,
            44.658341
          ],
          [
            -110.463478,
            44.658737
          ],
          [
            -110.463507,
            44.659133
          ],
          [
            -110.463552,
            44.659529
          ],
          [
            -110.463611,
            44.659921
          ],
          [
            -110.463681,
            44.660313
          ],
          [
            -110.463771,
            44.660705
          ],
          [
            -110.463986,
            44.661471
          ],
          [
            -110.464257,
            44.662238
          ],
          [
            -110.464408,
            44.662612
          ],
          [
            -110.464554,
            44.662978
          ],
          [
            -110.464958,
            44.663714
          ],
          [
            -110.465159,
            44.664087
          ],
          [
            -110.465391,
            44.664453
          ],
          [
            -110.465623,
            44.664791
          ],
          [
            -110.465864,
            44.665122
          ],
          [
            -110.466174,
            44.665529
          ],
          [
            -110.46639,
            44.665769
          ],
          [
            -110.466661,
            44.6661
          ],
          [
            -110.467188,
            44.666669
          ],
          [
            -110.467468,
            44.666904
          ],
          [
            -110.467805,
            44.667089
          ],
          [
            -110.468167,
            44.667239
          ],
          [
            -110.46888,
            44.667442
          ],
          [
            -110.469248,
            44.667573
          ],
          [
            -110.46959,
            44.667737
          ],
          [
            -110.469922,
            44.667949
          ],
          [
            -110.4701,
            44.668117
          ],
          [
            -110.47031,
            44.668316
          ],
          [
            -110.471157,
            44.669392
          ],
          [
            -110.471412,
            44.669695
          ],
          [
            -110.471685,
            44.669955
          ],
          [
            -110.472005,
            44.670232
          ],
          [
            -110.47234,
            44.670486
          ],
          [
            -110.472727,
            44.670748
          ],
          [
            -110.473199,
            44.671001
          ],
          [
            -110.474054,
            44.67139
          ],
          [
            -110.475324,
            44.671965
          ],
          [
            -110.477108,
            44.672786
          ],
          [
            -110.478388,
            44.673394
          ],
          [
            -110.47923,
            44.673806
          ],
          [
            -110.479674,
            44.674031
          ],
          [
            -110.480458,
            44.67444
          ],
          [
            -110.481889,
            44.675209
          ],
          [
            -110.483376,
            44.676056
          ],
          [
            -110.484847,
            44.676937
          ],
          [
            -110.485715,
            44.67747
          ],
          [
            -110.485975,
            44.677634
          ],
          [
            -110.486206,
            44.67778
          ],
          [
            -110.487491,
            44.678639
          ],
          [
            -110.488717,
            44.679494
          ],
          [
            -110.489019,
            44.679711
          ],
          [
            -110.489314,
            44.679929
          ],
          [
            -110.489595,
            44.680133
          ],
          [
            -110.489855,
            44.680318
          ],
          [
            -110.490058,
            44.680475
          ],
          [
            -110.49021,
            44.680594
          ],
          [
            -110.490414,
            44.680744
          ],
          [
            -110.490535,
            44.680834
          ],
          [
            -110.490682,
            44.680948
          ],
          [
            -110.490855,
            44.681083
          ],
          [
            -110.49103,
            44.681224
          ],
          [
            -110.491201,
            44.681364
          ],
          [
            -110.491376,
            44.6815
          ],
          [
            -110.491557,
            44.68164
          ],
          [
            -110.491759,
            44.681803
          ],
          [
            -110.491968,
            44.681984
          ],
          [
            -110.492188,
            44.682165
          ],
          [
            -110.492414,
            44.682342
          ],
          [
            -110.492646,
            44.682532
          ],
          [
            -110.492889,
            44.682731
          ],
          [
            -110.49315,
            44.682934
          ],
          [
            -110.493382,
            44.68313
          ],
          [
            -110.493737,
            44.683418
          ],
          [
            -110.493926,
            44.683585
          ],
          [
            -110.494314,
            44.683885
          ],
          [
            -110.494711,
            44.684123
          ],
          [
            -110.495579,
            44.684583
          ],
          [
            -110.49593,
            44.68484
          ],
          [
            -110.496225,
            44.685102
          ],
          [
            -110.49667,
            44.685598
          ],
          [
            -110.496829,
            44.68586
          ],
          [
            -110.496946,
            44.68613
          ],
          [
            -110.497029,
            44.686401
          ],
          [
            -110.497088,
            44.686685
          ],
          [
            -110.497127,
            44.68696
          ],
          [
            -110.497168,
            44.687234
          ],
          [
            -110.497203,
            44.687504
          ],
          [
            -110.497237,
            44.687775
          ],
          [
            -110.497274,
            44.688058
          ],
          [
            -110.497325,
            44.688347
          ],
          [
            -110.497397,
            44.688631
          ],
          [
            -110.497499,
            44.688919
          ],
          [
            -110.497638,
            44.689199
          ],
          [
            -110.497819,
            44.689474
          ],
          [
            -110.498023,
            44.689736
          ],
          [
            -110.498232,
            44.689994
          ],
          [
            -110.498443,
            44.690256
          ],
          [
            -110.498645,
            44.690518
          ],
          [
            -110.498835,
            44.690793
          ],
          [
            -110.499014,
            44.691073
          ],
          [
            -110.499172,
            44.691357
          ],
          [
            -110.49931,
            44.691646
          ],
          [
            -110.499426,
            44.69193
          ],
          [
            -110.499516,
            44.692214
          ],
          [
            -110.499578,
            44.692493
          ],
          [
            -110.499624,
            44.692777
          ],
          [
            -110.499674,
            44.693065
          ],
          [
            -110.499721,
            44.693358
          ],
          [
            -110.499779,
            44.69366
          ],
          [
            -110.499784,
            44.693682
          ],
          [
            -110.499852,
            44.693957
          ],
          [
            -110.499935,
            44.694215
          ],
          [
            -110.499967,
            44.694324
          ],
          [
            -110.500048,
            44.694557
          ],
          [
            -110.500183,
            44.694864
          ],
          [
            -110.500337,
            44.695161
          ],
          [
            -110.500512,
            44.695455
          ],
          [
            -110.500708,
            44.695744
          ],
          [
            -110.500925,
            44.696028
          ],
          [
            -110.501154,
            44.696308
          ],
          [
            -110.50139,
            44.696584
          ],
          [
            -110.501637,
            44.696864
          ],
          [
            -110.50189,
            44.697144
          ],
          [
            -110.502151,
            44.697424
          ],
          [
            -110.502421,
            44.6977
          ],
          [
            -110.502707,
            44.69798
          ],
          [
            -110.502989,
            44.698252
          ],
          [
            -110.503269,
            44.698509
          ],
          [
            -110.503554,
            44.698763
          ],
          [
            -110.503841,
            44.699013
          ],
          [
            -110.504154,
            44.699257
          ],
          [
            -110.504444,
            44.69948
          ],
          [
            -110.504749,
            44.699713
          ],
          [
            -110.505022,
            44.699925
          ],
          [
            -110.505306,
            44.700156
          ],
          [
            -110.505578,
            44.700392
          ],
          [
            -110.505789,
            44.700646
          ],
          [
            -110.505965,
            44.700918
          ],
          [
            -110.506063,
            44.7012
          ],
          [
            -110.506103,
            44.701552
          ],
          [
            -110.506085,
            44.701768
          ],
          [
            -110.506037,
            44.702
          ],
          [
            -110.505998,
            44.702109
          ],
          [
            -110.505934,
            44.702287
          ],
          [
            -110.505808,
            44.702489
          ],
          [
            -110.505751,
            44.702567
          ],
          [
            -110.505525,
            44.702786
          ],
          [
            -110.505273,
            44.703037
          ],
          [
            -110.505016,
            44.703288
          ],
          [
            -110.504763,
            44.703557
          ],
          [
            -110.504493,
            44.703813
          ],
          [
            -110.50422,
            44.704077
          ],
          [
            -110.503963,
            44.704328
          ],
          [
            -110.503754,
            44.704603
          ],
          [
            -110.503664,
            44.704746
          ],
          [
            -110.503572,
            44.704893
          ],
          [
            -110.503511,
            44.705052
          ],
          [
            -110.503466,
            44.705193
          ],
          [
            -110.503437,
            44.705359
          ],
          [
            -110.503423,
            44.705506
          ],
          [
            -110.503421,
            44.705699
          ],
          [
            -110.503415,
            44.70581
          ],
          [
            -110.503452,
            44.706118
          ],
          [
            -110.503467,
            44.706433
          ],
          [
            -110.503491,
            44.706743
          ],
          [
            -110.503497,
            44.707063
          ],
          [
            -110.503534,
            44.707369
          ],
          [
            -110.503565,
            44.707529
          ],
          [
            -110.503583,
            44.707648
          ],
          [
            -110.503664,
            44.70791
          ],
          [
            -110.503767,
            44.708127
          ],
          [
            -110.503899,
            44.708343
          ],
          [
            -110.504034,
            44.708519
          ],
          [
            -110.504205,
            44.708713
          ],
          [
            -110.504395,
            44.70893
          ],
          [
            -110.504585,
            44.709129
          ],
          [
            -110.504777,
            44.70935
          ],
          [
            -110.504959,
            44.709581
          ],
          [
            -110.505023,
            44.70968
          ],
          [
            -110.505125,
            44.709805
          ],
          [
            -110.505253,
            44.71005
          ],
          [
            -110.505306,
            44.710227
          ],
          [
            -110.505325,
            44.710345
          ],
          [
            -110.505339,
            44.710467
          ],
          [
            -110.505351,
            44.710644
          ],
          [
            -110.505335,
            44.710845
          ],
          [
            -110.505306,
            44.71098
          ],
          [
            -110.505274,
            44.711107
          ],
          [
            -110.505237,
            44.711199
          ],
          [
            -110.505168,
            44.711333
          ],
          [
            -110.505095,
            44.711453
          ],
          [
            -110.504991,
            44.711593
          ],
          [
            -110.504822,
            44.711826
          ],
          [
            -110.504645,
            44.712046
          ],
          [
            -110.504473,
            44.712266
          ],
          [
            -110.504394,
            44.712397
          ],
          [
            -110.50433,
            44.71249
          ],
          [
            -110.504227,
            44.712728
          ],
          [
            -110.504157,
            44.712989
          ],
          [
            -110.50413,
            44.713246
          ],
          [
            -110.504146,
            44.713511
          ],
          [
            -110.504218,
            44.713759
          ],
          [
            -110.504359,
            44.714048
          ],
          [
            -110.504516,
            44.714323
          ],
          [
            -110.504669,
            44.714594
          ],
          [
            -110.504804,
            44.714855
          ],
          [
            -110.504906,
            44.715112
          ],
          [
            -110.504972,
            44.715378
          ],
          [
            -110.504991,
            44.715639
          ],
          [
            -110.504979,
            44.715923
          ],
          [
            -110.50496,
            44.716193
          ],
          [
            -110.504936,
            44.716467
          ],
          [
            -110.504922,
            44.716648
          ],
          [
            -110.504864,
            44.717077
          ],
          [
            -110.504845,
            44.717273
          ],
          [
            -110.504787,
            44.717547
          ],
          [
            -110.50473,
            44.717821
          ],
          [
            -110.504641,
            44.718105
          ],
          [
            -110.504495,
            44.718383
          ],
          [
            -110.504413,
            44.718522
          ],
          [
            -110.504311,
            44.718686
          ],
          [
            -110.5042,
            44.718827
          ],
          [
            -110.504102,
            44.718952
          ],
          [
            -110.503968,
            44.719102
          ],
          [
            -110.503836,
            44.719222
          ],
          [
            -110.503711,
            44.719327
          ],
          [
            -110.503552,
            44.719446
          ],
          [
            -110.503253,
            44.719647
          ],
          [
            -110.502943,
            44.71983
          ],
          [
            -110.502628,
            44.719986
          ],
          [
            -110.502315,
            44.720116
          ],
          [
            -110.501983,
            44.72024
          ],
          [
            -110.501634,
            44.720347
          ],
          [
            -110.501251,
            44.72043
          ],
          [
            -110.500836,
            44.720496
          ],
          [
            -110.500423,
            44.720539
          ],
          [
            -110.500016,
            44.720578
          ],
          [
            -110.499641,
            44.720604
          ],
          [
            -110.499261,
            44.720633
          ],
          [
            -110.498901,
            44.720663
          ],
          [
            -110.498557,
            44.720698
          ],
          [
            -110.498208,
            44.720746
          ],
          [
            -110.497857,
            44.720821
          ],
          [
            -110.497498,
            44.720909
          ],
          [
            -110.497145,
            44.72102
          ],
          [
            -110.496795,
            44.721154
          ],
          [
            -110.496446,
            44.721301
          ],
          [
            -110.496119,
            44.721461
          ],
          [
            -110.495818,
            44.72164
          ],
          [
            -110.495581,
            44.721805
          ],
          [
            -110.495421,
            44.721913
          ],
          [
            -110.495315,
            44.722016
          ],
          [
            -110.495119,
            44.722191
          ],
          [
            -110.495027,
            44.72228
          ],
          [
            -110.494909,
            44.722401
          ],
          [
            -110.494772,
            44.722563
          ],
          [
            -110.494609,
            44.722773
          ],
          [
            -110.494459,
            44.723011
          ],
          [
            -110.494287,
            44.723353
          ],
          [
            -110.494229,
            44.723492
          ],
          [
            -110.494154,
            44.723739
          ],
          [
            -110.494094,
            44.724009
          ],
          [
            -110.494046,
            44.724297
          ],
          [
            -110.494013,
            44.724589
          ],
          [
            -110.493995,
            44.724877
          ],
          [
            -110.493985,
            44.725165
          ],
          [
            -110.493973,
            44.725462
          ],
          [
            -110.493958,
            44.725759
          ],
          [
            -110.493952,
            44.725833
          ],
          [
            -110.493932,
            44.726056
          ],
          [
            -110.493908,
            44.726353
          ],
          [
            -110.493889,
            44.726659
          ],
          [
            -110.493869,
            44.72697
          ],
          [
            -110.493853,
            44.72728
          ],
          [
            -110.493837,
            44.727595
          ],
          [
            -110.493821,
            44.72791
          ],
          [
            -110.493807,
            44.728212
          ],
          [
            -110.493784,
            44.728509
          ],
          [
            -110.493765,
            44.728797
          ],
          [
            -110.493754,
            44.729085
          ],
          [
            -110.493736,
            44.729355
          ],
          [
            -110.493724,
            44.72962
          ],
          [
            -110.493712,
            44.72989
          ],
          [
            -110.493693,
            44.730178
          ],
          [
            -110.493673,
            44.730475
          ],
          [
            -110.493582,
            44.731765
          ],
          [
            -110.493431,
            44.733858
          ],
          [
            -110.493409,
            44.734132
          ],
          [
            -110.493304,
            44.735562
          ],
          [
            -110.493288,
            44.735776
          ],
          [
            -110.493277,
            44.73592
          ],
          [
            -110.493469,
            44.735928
          ],
          [
            -110.494012,
            44.735954
          ],
          [
            -110.495643,
            44.736017
          ],
          [
            -110.497268,
            44.736069
          ],
          [
            -110.497591,
            44.73608
          ],
          [
            -110.498327,
            44.736067
          ],
          [
            -110.498912,
            44.736034
          ],
          [
            -110.499536,
            44.735975
          ],
          [
            -110.500055,
            44.735915
          ],
          [
            -110.500597,
            44.735831
          ],
          [
            -110.501045,
            44.735756
          ],
          [
            -110.501499,
            44.735668
          ],
          [
            -110.501956,
            44.735567
          ],
          [
            -110.502413,
            44.735451
          ],
          [
            -110.502874,
            44.735332
          ],
          [
            -110.503361,
            44.735204
          ],
          [
            -110.503427,
            44.735187
          ],
          [
            -110.503796,
            44.735093
          ],
          [
            -110.504252,
            44.734982
          ],
          [
            -110.504721,
            44.734876
          ],
          [
            -110.505205,
            44.734784
          ],
          [
            -110.505691,
            44.73471
          ],
          [
            -110.506174,
            44.73464
          ],
          [
            -110.506664,
            44.734583
          ],
          [
            -110.507172,
            44.734531
          ],
          [
            -110.507698,
            44.734493
          ],
          [
            -110.508244,
            44.734468
          ],
          [
            -110.508801,
            44.734457
          ],
          [
            -110.509362,
            44.73446
          ],
          [
            -110.509929,
            44.734471
          ],
          [
            -110.510507,
            44.734483
          ],
          [
            -110.511087,
            44.734499
          ],
          [
            -110.511679,
            44.734519
          ],
          [
            -110.512287,
            44.734531
          ],
          [
            -110.512912,
            44.734542
          ],
          [
            -110.513548,
            44.73455
          ],
          [
            -110.514193,
            44.734566
          ],
          [
            -110.514836,
            44.734587
          ],
          [
            -110.515479,
            44.734603
          ],
          [
            -110.516117,
            44.734619
          ],
          [
            -110.516742,
            44.734635
          ],
          [
            -110.517349,
            44.734651
          ],
          [
            -110.517947,
            44.734663
          ],
          [
            -110.518535,
            44.734652
          ],
          [
            -110.519105,
            44.734587
          ],
          [
            -110.519654,
            44.73449
          ],
          [
            -110.52017,
            44.734331
          ],
          [
            -110.520642,
            44.734136
          ],
          [
            -110.521088,
            44.733891
          ],
          [
            -110.521465,
            44.733612
          ],
          [
            -110.521088,
            44.733891
          ],
          [
            -110.520642,
            44.734136
          ],
          [
            -110.52017,
            44.734331
          ],
          [
            -110.519654,
            44.73449
          ],
          [
            -110.519105,
            44.734587
          ],
          [
            -110.518535,
            44.734652
          ],
          [
            -110.517947,
            44.734663
          ],
          [
            -110.517349,
            44.734651
          ],
          [
            -110.516742,
            44.734635
          ],
          [
            -110.516117,
            44.734619
          ],
          [
            -110.515479,
            44.734603
          ],
          [
            -110.514836,
            44.734587
          ],
          [
            -110.514193,
            44.734566
          ],
          [
            -110.513548,
            44.73455
          ],
          [
            -110.512912,
            44.734542
          ],
          [
            -110.512287,
            44.734531
          ],
          [
            -110.511679,
            44.734519
          ],
          [
            -110.511087,
            44.734499
          ],
          [
            -110.510507,
            44.734483
          ],
          [
            -110.509929,
            44.734471
          ],
          [
            -110.509362,
            44.73446
          ],
          [
            -110.508801,
            44.734457
          ],
          [
            -110.508244,
            44.734468
          ],
          [
            -110.507698,
            44.734493
          ],
          [
            -110.507172,
            44.734531
          ],
          [
            -110.506664,
            44.734583
          ],
          [
            -110.506174,
            44.73464
          ],
          [
            -110.505691,
            44.73471
          ],
          [
            -110.505205,
            44.734784
          ],
          [
            -110.504721,
            44.734876
          ],
          [
            -110.504252,
            44.734982
          ],
          [
            -110.503796,
            44.735093
          ],
          [
            -110.503427,
            44.735187
          ],
          [
            -110.503361,
            44.735204
          ],
          [
            -110.502874,
            44.735332
          ],
          [
            -110.502413,
            44.735451
          ],
          [
            -110.501956,
            44.735567
          ],
          [
            -110.501499,
            44.735668
          ],
          [
            -110.501045,
            44.735756
          ],
          [
            -110.500597,
            44.735831
          ],
          [
            -110.500055,
            44.735915
          ],
          [
            -110.499536,
            44.735975
          ],
          [
            -110.498912,
            44.736034
          ],
          [
            -110.498327,
            44.736067
          ],
          [
            -110.497591,
            44.73608
          ],
          [
            -110.497268,
            44.736069
          ],
          [
            -110.495643,
            44.736017
          ],
          [
            -110.494012,
            44.735954
          ],
          [
            -110.493469,
            44.735928
          ],
          [
            -110.493277,
            44.73592
          ],
          [
            -110.493273,
            44.73604
          ],
          [
            -110.493211,
            44.736757
          ],
          [
            -110.493185,
            44.736905
          ],
          [
            -110.49316,
            44.737135
          ],
          [
            -110.49314,
            44.7374
          ],
          [
            -110.493124,
            44.737657
          ],
          [
            -110.493114,
            44.737904
          ],
          [
            -110.493089,
            44.738147
          ],
          [
            -110.493065,
            44.738386
          ],
          [
            -110.49305,
            44.738647
          ],
          [
            -110.493037,
            44.738912
          ],
          [
            -110.493026,
            44.739052
          ],
          [
            -110.493019,
            44.739182
          ],
          [
            -110.493038,
            44.739974
          ],
          [
            -110.493106,
            44.740254
          ],
          [
            -110.493202,
            44.74056
          ],
          [
            -110.493323,
            44.740862
          ],
          [
            -110.493451,
            44.741165
          ],
          [
            -110.493594,
            44.741467
          ],
          [
            -110.49374,
            44.741778
          ],
          [
            -110.493881,
            44.742089
          ],
          [
            -110.494053,
            44.742455
          ],
          [
            -110.494161,
            44.742703
          ],
          [
            -110.494312,
            44.743018
          ],
          [
            -110.494444,
            44.743325
          ],
          [
            -110.494555,
            44.743596
          ],
          [
            -110.494641,
            44.743871
          ],
          [
            -110.494699,
            44.744154
          ],
          [
            -110.494731,
            44.744425
          ],
          [
            -110.494737,
            44.744713
          ],
          [
            -110.494721,
            44.74501
          ],
          [
            -110.494657,
            44.745306
          ],
          [
            -110.494582,
            44.745589
          ],
          [
            -110.494462,
            44.745863
          ],
          [
            -110.49433,
            44.746128
          ],
          [
            -110.494195,
            44.746413
          ],
          [
            -110.494067,
            44.746677
          ],
          [
            -110.493954,
            44.746915
          ],
          [
            -110.493828,
            44.74718
          ],
          [
            -110.493708,
            44.747463
          ],
          [
            -110.493598,
            44.747714
          ],
          [
            -110.493475,
            44.747993
          ],
          [
            -110.493355,
            44.748267
          ],
          [
            -110.493227,
            44.748537
          ],
          [
            -110.493097,
            44.748791
          ],
          [
            -110.492941,
            44.749021
          ],
          [
            -110.492747,
            44.749255
          ],
          [
            -110.492526,
            44.74947
          ],
          [
            -110.492285,
            44.749649
          ],
          [
            -110.491987,
            44.749812
          ],
          [
            -110.49168,
            44.749934
          ],
          [
            -110.491341,
            44.75004
          ],
          [
            -110.491088,
            44.750112
          ],
          [
            -110.490317,
            44.750328
          ],
          [
            -110.488979,
            44.750683
          ],
          [
            -110.488321,
            44.75086
          ],
          [
            -110.487997,
            44.750939
          ],
          [
            -110.486912,
            44.751218
          ],
          [
            -110.486555,
            44.75132
          ],
          [
            -110.486203,
            44.751426
          ],
          [
            -110.485948,
            44.751502
          ],
          [
            -110.484783,
            44.751821
          ],
          [
            -110.484433,
            44.751918
          ],
          [
            -110.484079,
            44.752011
          ],
          [
            -110.483067,
            44.752335
          ],
          [
            -110.482767,
            44.752469
          ],
          [
            -110.482473,
            44.752598
          ],
          [
            -110.482225,
            44.752795
          ],
          [
            -110.482034,
            44.753001
          ],
          [
            -110.48194,
            44.753235
          ],
          [
            -110.481907,
            44.753464
          ],
          [
            -110.48195,
            44.753698
          ],
          [
            -110.48207,
            44.753951
          ],
          [
            -110.482186,
            44.754181
          ],
          [
            -110.482309,
            44.75442
          ],
          [
            -110.482424,
            44.754659
          ],
          [
            -110.482529,
            44.75488
          ],
          [
            -110.482573,
            44.755092
          ],
          [
            -110.482548,
            44.755308
          ],
          [
            -110.482455,
            44.755519
          ],
          [
            -110.482298,
            44.755712
          ],
          [
            -110.48209,
            44.755891
          ],
          [
            -110.481864,
            44.756065
          ],
          [
            -110.481638,
            44.756235
          ],
          [
            -110.481416,
            44.756405
          ],
          [
            -110.481167,
            44.756557
          ],
          [
            -110.480904,
            44.756727
          ],
          [
            -110.480655,
            44.756857
          ],
          [
            -110.480377,
            44.756995
          ],
          [
            -110.48008,
            44.757106
          ],
          [
            -110.479773,
            44.75719
          ],
          [
            -110.479441,
            44.757229
          ],
          [
            -110.479107,
            44.75725
          ],
          [
            -110.478768,
            44.757253
          ],
          [
            -110.478429,
            44.757288
          ],
          [
            -110.478136,
            44.757358
          ],
          [
            -110.477831,
            44.757465
          ],
          [
            -110.477583,
            44.757626
          ],
          [
            -110.47745,
            44.757702
          ],
          [
            -110.477326,
            44.757791
          ],
          [
            -110.477069,
            44.757966
          ],
          [
            -110.476801,
            44.758144
          ],
          [
            -110.476537,
            44.758319
          ],
          [
            -110.476276,
            44.75848
          ],
          [
            -110.476016,
            44.758654
          ],
          [
            -110.475747,
            44.758833
          ],
          [
            -110.475478,
            44.759007
          ],
          [
            -110.475212,
            44.759181
          ],
          [
            -110.474945,
            44.759356
          ],
          [
            -110.474682,
            44.759523
          ],
          [
            -110.474415,
            44.75968
          ],
          [
            -110.474149,
            44.759842
          ],
          [
            -110.473889,
            44.760012
          ],
          [
            -110.473634,
            44.760182
          ],
          [
            -110.473376,
            44.760358
          ],
          [
            -110.473126,
            44.760531
          ],
          [
            -110.472854,
            44.76071
          ],
          [
            -110.472573,
            44.760893
          ],
          [
            -110.472298,
            44.761072
          ],
          [
            -110.47203,
            44.761251
          ],
          [
            -110.471756,
            44.761425
          ],
          [
            -110.471491,
            44.761604
          ],
          [
            -110.471158,
            44.761837
          ],
          [
            -110.470957,
            44.761976
          ],
          [
            -110.470754,
            44.762109
          ],
          [
            -110.470494,
            44.762267
          ],
          [
            -110.470228,
            44.762413
          ],
          [
            -110.469934,
            44.762559
          ],
          [
            -110.469656,
            44.762687
          ],
          [
            -110.469362,
            44.762823
          ],
          [
            -110.469097,
            44.762946
          ],
          [
            -110.468809,
            44.763078
          ],
          [
            -110.468542,
            44.763207
          ],
          [
            -110.468252,
            44.76333
          ],
          [
            -110.467966,
            44.763447
          ],
          [
            -110.467686,
            44.763549
          ],
          [
            -110.467422,
            44.763633
          ],
          [
            -110.467133,
            44.763722
          ],
          [
            -110.466861,
            44.763833
          ],
          [
            -110.46662,
            44.76398
          ],
          [
            -110.466409,
            44.76415
          ],
          [
            -110.466215,
            44.764321
          ],
          [
            -110.466041,
            44.764509
          ],
          [
            -110.465864,
            44.764683
          ],
          [
            -110.465674,
            44.764849
          ],
          [
            -110.46539,
            44.765005
          ],
          [
            -110.465081,
            44.765107
          ],
          [
            -110.464736,
            44.765214
          ],
          [
            -110.464393,
            44.765308
          ],
          [
            -110.46405,
            44.765399
          ],
          [
            -110.463709,
            44.765479
          ],
          [
            -110.463367,
            44.765572
          ],
          [
            -110.463038,
            44.765642
          ],
          [
            -110.462709,
            44.765731
          ],
          [
            -110.462367,
            44.765799
          ],
          [
            -110.462042,
            44.765849
          ],
          [
            -110.46171,
            44.765906
          ],
          [
            -110.461372,
            44.765945
          ],
          [
            -110.461026,
            44.765972
          ],
          [
            -110.460691,
            44.766018
          ],
          [
            -110.460309,
            44.7661
          ],
          [
            -110.460029,
            44.766207
          ],
          [
            -110.459778,
            44.766325
          ],
          [
            -110.459505,
            44.766477
          ],
          [
            -110.459231,
            44.766615
          ],
          [
            -110.458943,
            44.766712
          ],
          [
            -110.458633,
            44.766774
          ],
          [
            -110.458329,
            44.766822
          ],
          [
            -110.458016,
            44.766863
          ],
          [
            -110.457709,
            44.766899
          ],
          [
            -110.457425,
            44.766946
          ],
          [
            -110.457147,
            44.766992
          ],
          [
            -110.456881,
            44.767058
          ],
          [
            -110.456613,
            44.767151
          ],
          [
            -110.45633,
            44.767267
          ],
          [
            -110.456067,
            44.767406
          ],
          [
            -110.455777,
            44.76757
          ],
          [
            -110.455614,
            44.767683
          ],
          [
            -110.45546,
            44.767816
          ],
          [
            -110.455319,
            44.767934
          ],
          [
            -110.455195,
            44.76806
          ],
          [
            -110.455091,
            44.768195
          ],
          [
            -110.454934,
            44.768425
          ],
          [
            -110.454794,
            44.768655
          ],
          [
            -110.45467,
            44.768907
          ],
          [
            -110.454581,
            44.769163
          ],
          [
            -110.454353,
            44.769634
          ],
          [
            -110.454249,
            44.769863
          ],
          [
            -110.45419,
            44.770076
          ],
          [
            -110.45416,
            44.770322
          ],
          [
            -110.454211,
            44.770534
          ],
          [
            -110.45433,
            44.770746
          ],
          [
            -110.454509,
            44.770949
          ],
          [
            -110.454728,
            44.77113
          ],
          [
            -110.454974,
            44.77129
          ],
          [
            -110.45521,
            44.771443
          ],
          [
            -110.455466,
            44.771611
          ],
          [
            -110.45575,
            44.771712
          ],
          [
            -110.45608,
            44.771749
          ],
          [
            -110.456419,
            44.771728
          ],
          [
            -110.456742,
            44.771707
          ],
          [
            -110.457077,
            44.7717
          ],
          [
            -110.457398,
            44.771755
          ],
          [
            -110.457702,
            44.771851
          ],
          [
            -110.457965,
            44.771988
          ],
          [
            -110.458168,
            44.772155
          ],
          [
            -110.45834,
            44.77239
          ],
          [
            -110.458554,
            44.77258
          ],
          [
            -110.458767,
            44.772766
          ],
          [
            -110.459015,
            44.772942
          ],
          [
            -110.459223,
            44.773099
          ],
          [
            -110.459365,
            44.773259
          ],
          [
            -110.459458,
            44.773463
          ],
          [
            -110.459431,
            44.773736
          ],
          [
            -110.459321,
            44.773934
          ],
          [
            -110.459248,
            44.774082
          ],
          [
            -110.459088,
            44.774334
          ],
          [
            -110.459022,
            44.774522
          ],
          [
            -110.459012,
            44.774783
          ],
          [
            -110.459058,
            44.77496
          ],
          [
            -110.459222,
            44.775212
          ],
          [
            -110.45942,
            44.775398
          ],
          [
            -110.459575,
            44.775562
          ],
          [
            -110.459773,
            44.775755
          ],
          [
            -110.45993,
            44.77594
          ],
          [
            -110.459993,
            44.776141
          ],
          [
            -110.459936,
            44.776352
          ],
          [
            -110.459797,
            44.776528
          ],
          [
            -110.459615,
            44.776722
          ],
          [
            -110.459479,
            44.776914
          ],
          [
            -110.459354,
            44.777107
          ],
          [
            -110.459222,
            44.777324
          ],
          [
            -110.4591,
            44.777538
          ],
          [
            -110.458987,
            44.777755
          ],
          [
            -110.458897,
            44.777968
          ],
          [
            -110.458848,
            44.778177
          ],
          [
            -110.458801,
            44.778373
          ],
          [
            -110.458725,
            44.778597
          ],
          [
            -110.45863,
            44.778774
          ],
          [
            -110.458492,
            44.778899
          ],
          [
            -110.458339,
            44.778992
          ],
          [
            -110.458138,
            44.779077
          ],
          [
            -110.457842,
            44.779171
          ],
          [
            -110.457568,
            44.779243
          ],
          [
            -110.457272,
            44.779348
          ],
          [
            -110.45705,
            44.779476
          ],
          [
            -110.456885,
            44.779574
          ],
          [
            -110.456738,
            44.779726
          ],
          [
            -110.45663,
            44.779889
          ],
          [
            -110.456597,
            44.779949
          ],
          [
            -110.456503,
            44.780288
          ],
          [
            -110.456459,
            44.780516
          ],
          [
            -110.4564,
            44.780733
          ],
          [
            -110.456319,
            44.780928
          ],
          [
            -110.456165,
            44.781109
          ],
          [
            -110.455968,
            44.781269
          ],
          [
            -110.455785,
            44.781458
          ],
          [
            -110.455634,
            44.781652
          ],
          [
            -110.455481,
            44.78187
          ],
          [
            -110.455341,
            44.782099
          ],
          [
            -110.455175,
            44.782323
          ],
          [
            -110.454973,
            44.782525
          ],
          [
            -110.454729,
            44.78271
          ],
          [
            -110.454486,
            44.782855
          ],
          [
            -110.454246,
            44.783025
          ],
          [
            -110.454034,
            44.783221
          ],
          [
            -110.453907,
            44.783432
          ],
          [
            -110.453846,
            44.783643
          ],
          [
            -110.453833,
            44.783863
          ],
          [
            -110.453878,
            44.784085
          ],
          [
            -110.453922,
            44.784274
          ],
          [
            -110.453989,
            44.784477
          ],
          [
            -110.454017,
            44.784649
          ],
          [
            -110.454044,
            44.784781
          ],
          [
            -110.454011,
            44.784904
          ],
          [
            -110.453917,
            44.785033
          ],
          [
            -110.453705,
            44.785228
          ],
          [
            -110.453576,
            44.785318
          ],
          [
            -110.45342,
            44.785417
          ],
          [
            -110.453343,
            44.785473
          ],
          [
            -110.453207,
            44.785621
          ],
          [
            -110.453076,
            44.785765
          ],
          [
            -110.452952,
            44.785913
          ],
          [
            -110.452831,
            44.786065
          ],
          [
            -110.452715,
            44.786218
          ],
          [
            -110.452613,
            44.78637
          ],
          [
            -110.452554,
            44.786536
          ],
          [
            -110.452553,
            44.786744
          ],
          [
            -110.452608,
            44.786942
          ],
          [
            -110.452681,
            44.787149
          ],
          [
            -110.452736,
            44.787366
          ],
          [
            -110.452759,
            44.787595
          ],
          [
            -110.452718,
            44.787823
          ],
          [
            -110.45264,
            44.788039
          ],
          [
            -110.452549,
            44.788232
          ],
          [
            -110.452472,
            44.788443
          ],
          [
            -110.452411,
            44.788657
          ],
          [
            -110.452377,
            44.788896
          ],
          [
            -110.452375,
            44.789127
          ],
          [
            -110.45235,
            44.789367
          ],
          [
            -110.452339,
            44.789593
          ],
          [
            -110.452322,
            44.789812
          ],
          [
            -110.452313,
            44.790055
          ],
          [
            -110.452328,
            44.790274
          ],
          [
            -110.452393,
            44.790487
          ],
          [
            -110.452489,
            44.790756
          ],
          [
            -110.45255,
            44.790885
          ],
          [
            -110.452591,
            44.791087
          ],
          [
            -110.452597,
            44.791288
          ],
          [
            -110.452553,
            44.791498
          ],
          [
            -110.452485,
            44.791694
          ],
          [
            -110.452364,
            44.791865
          ],
          [
            -110.45221,
            44.791995
          ],
          [
            -110.45203,
            44.792084
          ],
          [
            -110.451814,
            44.792128
          ],
          [
            -110.45156,
            44.792146
          ],
          [
            -110.451189,
            44.792082
          ],
          [
            -110.45053,
            44.791887
          ],
          [
            -110.450285,
            44.791811
          ],
          [
            -110.450013,
            44.791723
          ],
          [
            -110.449797,
            44.791659
          ],
          [
            -110.449557,
            44.791598
          ],
          [
            -110.44935,
            44.791552
          ],
          [
            -110.44913,
            44.79152
          ],
          [
            -110.448908,
            44.791497
          ],
          [
            -110.448684,
            44.791482
          ],
          [
            -110.448432,
            44.791463
          ],
          [
            -110.448201,
            44.791438
          ],
          [
            -110.447967,
            44.791398
          ],
          [
            -110.447715,
            44.791356
          ],
          [
            -110.447457,
            44.791292
          ],
          [
            -110.447202,
            44.79121
          ],
          [
            -110.446943,
            44.791123
          ],
          [
            -110.446677,
            44.79105
          ],
          [
            -110.446397,
            44.791012
          ],
          [
            -110.446106,
            44.791025
          ],
          [
            -110.445823,
            44.791086
          ],
          [
            -110.445582,
            44.791207
          ],
          [
            -110.445396,
            44.791363
          ],
          [
            -110.445279,
            44.791543
          ],
          [
            -110.445202,
            44.791754
          ],
          [
            -110.445144,
            44.791983
          ],
          [
            -110.445082,
            44.792208
          ],
          [
            -110.445025,
            44.792424
          ],
          [
            -110.44496,
            44.792648
          ],
          [
            -110.444944,
            44.79286
          ],
          [
            -110.444984,
            44.793076
          ],
          [
            -110.445083,
            44.793315
          ],
          [
            -110.445163,
            44.793563
          ],
          [
            -110.445154,
            44.793806
          ],
          [
            -110.445064,
            44.794026
          ],
          [
            -110.444912,
            44.794269
          ],
          [
            -110.444765,
            44.794502
          ],
          [
            -110.444621,
            44.794721
          ],
          [
            -110.444486,
            44.794919
          ],
          [
            -110.444369,
            44.795117
          ],
          [
            -110.444314,
            44.795305
          ],
          [
            -110.444313,
            44.795517
          ],
          [
            -110.444374,
            44.795729
          ],
          [
            -110.444455,
            44.795954
          ],
          [
            -110.444567,
            44.796184
          ],
          [
            -110.444723,
            44.796428
          ],
          [
            -110.444982,
            44.796617
          ],
          [
            -110.44527,
            44.796818
          ],
          [
            -110.445487,
            44.79704
          ],
          [
            -110.445618,
            44.797301
          ],
          [
            -110.445669,
            44.797581
          ],
          [
            -110.445679,
            44.797873
          ],
          [
            -110.445678,
            44.798166
          ],
          [
            -110.445672,
            44.798458
          ],
          [
            -110.445662,
            44.798742
          ],
          [
            -110.445645,
            44.799016
          ],
          [
            -110.445598,
            44.799277
          ],
          [
            -110.445526,
            44.799524
          ],
          [
            -110.445456,
            44.799754
          ],
          [
            -110.445393,
            44.799978
          ],
          [
            -110.445329,
            44.800203
          ],
          [
            -110.445296,
            44.800405
          ],
          [
            -110.445331,
            44.800595
          ],
          [
            -110.445394,
            44.800795
          ],
          [
            -110.445529,
            44.801003
          ],
          [
            -110.44565,
            44.801219
          ],
          [
            -110.445811,
            44.80145
          ],
          [
            -110.445963,
            44.801688
          ],
          [
            -110.446139,
            44.801924
          ],
          [
            -110.446331,
            44.802147
          ],
          [
            -110.446449,
            44.802266
          ],
          [
            -110.446792,
            44.802608
          ],
          [
            -110.447014,
            44.802837
          ],
          [
            -110.447252,
            44.803058
          ],
          [
            -110.447357,
            44.803169
          ],
          [
            -110.447603,
            44.803503
          ],
          [
            -110.447724,
            44.803749
          ],
          [
            -110.447784,
            44.803997
          ],
          [
            -110.447796,
            44.804252
          ],
          [
            -110.447765,
            44.804504
          ],
          [
            -110.447684,
            44.804748
          ],
          [
            -110.447608,
            44.80499
          ],
          [
            -110.44749,
            44.805219
          ],
          [
            -110.447346,
            44.80543
          ],
          [
            -110.447159,
            44.805604
          ],
          [
            -110.446918,
            44.805752
          ],
          [
            -110.446639,
            44.805863
          ],
          [
            -110.446331,
            44.805933
          ],
          [
            -110.446008,
            44.805972
          ],
          [
            -110.445684,
            44.806002
          ],
          [
            -110.445361,
            44.806046
          ],
          [
            -110.445049,
            44.806107
          ],
          [
            -110.444768,
            44.806209
          ],
          [
            -110.444523,
            44.806361
          ],
          [
            -110.444324,
            44.806545
          ],
          [
            -110.444159,
            44.806742
          ],
          [
            -110.443994,
            44.806935
          ],
          [
            -110.443778,
            44.807091
          ],
          [
            -110.44351,
            44.807202
          ],
          [
            -110.443222,
            44.807287
          ],
          [
            -110.442954,
            44.807393
          ],
          [
            -110.442748,
            44.807541
          ],
          [
            -110.442626,
            44.807716
          ],
          [
            -110.442599,
            44.807914
          ],
          [
            -110.442638,
            44.808107
          ],
          [
            -110.442734,
            44.808297
          ],
          [
            -110.442824,
            44.808491
          ],
          [
            -110.442868,
            44.808685
          ],
          [
            -110.442883,
            44.808856
          ],
          [
            -110.442873,
            44.80909
          ],
          [
            -110.442935,
            44.809283
          ],
          [
            -110.443117,
            44.809483
          ],
          [
            -110.443354,
            44.809632
          ],
          [
            -110.443599,
            44.809803
          ],
          [
            -110.443773,
            44.809958
          ],
          [
            -110.443856,
            44.81017
          ],
          [
            -110.443865,
            44.810422
          ],
          [
            -110.443868,
            44.810652
          ],
          [
            -110.443914,
            44.810882
          ],
          [
            -110.44404,
            44.811103
          ],
          [
            -110.444281,
            44.811275
          ],
          [
            -110.444578,
            44.811394
          ],
          [
            -110.444887,
            44.811499
          ],
          [
            -110.445172,
            44.811617
          ],
          [
            -110.4454,
            44.811776
          ],
          [
            -110.445565,
            44.811961
          ],
          [
            -110.445647,
            44.812169
          ],
          [
            -110.445696,
            44.812335
          ],
          [
            -110.445655,
            44.812538
          ],
          [
            -110.445543,
            44.81278
          ],
          [
            -110.445514,
            44.812983
          ],
          [
            -110.445556,
            44.813181
          ],
          [
            -110.445676,
            44.813384
          ],
          [
            -110.445886,
            44.813547
          ],
          [
            -110.44611,
            44.813706
          ],
          [
            -110.446337,
            44.813851
          ],
          [
            -110.446561,
            44.814
          ],
          [
            -110.446784,
            44.81415
          ],
          [
            -110.446993,
            44.814318
          ],
          [
            -110.447192,
            44.814494
          ],
          [
            -110.447373,
            44.814693
          ],
          [
            -110.44753,
            44.814914
          ],
          [
            -110.447664,
            44.815145
          ],
          [
            -110.447781,
            44.815393
          ],
          [
            -110.447928,
            44.815641
          ],
          [
            -110.448159,
            44.815845
          ],
          [
            -110.448438,
            44.816008
          ],
          [
            -110.448722,
            44.816149
          ],
          [
            -110.449,
            44.816276
          ],
          [
            -110.449263,
            44.816399
          ],
          [
            -110.449512,
            44.816511
          ],
          [
            -110.449729,
            44.816611
          ],
          [
            -110.449919,
            44.816727
          ],
          [
            -110.450066,
            44.81686
          ],
          [
            -110.450157,
            44.816996
          ],
          [
            -110.450205,
            44.817178
          ],
          [
            -110.450173,
            44.817367
          ],
          [
            -110.450088,
            44.817569
          ],
          [
            -110.44994,
            44.817754
          ],
          [
            -110.449773,
            44.817938
          ],
          [
            -110.449611,
            44.818098
          ],
          [
            -110.449398,
            44.818247
          ],
          [
            -110.449162,
            44.818388
          ],
          [
            -110.448919,
            44.818526
          ],
          [
            -110.448668,
            44.818647
          ],
          [
            -110.448423,
            44.818767
          ],
          [
            -110.448201,
            44.818897
          ],
          [
            -110.44802,
            44.819062
          ],
          [
            -110.447912,
            44.819272
          ],
          [
            -110.447872,
            44.819489
          ],
          [
            -110.447858,
            44.819701
          ],
          [
            -110.447847,
            44.819908
          ],
          [
            -110.447838,
            44.820102
          ],
          [
            -110.447828,
            44.820286
          ],
          [
            -110.447824,
            44.820464
          ],
          [
            -110.447816,
            44.820638
          ],
          [
            -110.447804,
            44.820806
          ],
          [
            -110.447823,
            44.820967
          ],
          [
            -110.447876,
            44.821133
          ],
          [
            -110.447962,
            44.82131
          ],
          [
            -110.448077,
            44.821498
          ],
          [
            -110.44824,
            44.821721
          ],
          [
            -110.44838,
            44.821949
          ],
          [
            -110.448529,
            44.822193
          ],
          [
            -110.448677,
            44.822466
          ],
          [
            -110.448774,
            44.822728
          ],
          [
            -110.448843,
            44.822997
          ],
          [
            -110.448846,
            44.823254
          ],
          [
            -110.448777,
            44.823512
          ],
          [
            -110.44864,
            44.823737
          ],
          [
            -110.448485,
            44.823972
          ],
          [
            -110.44832,
            44.824204
          ],
          [
            -110.448206,
            44.82446
          ],
          [
            -110.448193,
            44.82474
          ],
          [
            -110.448273,
            44.825018
          ],
          [
            -110.448422,
            44.825293
          ],
          [
            -110.44855,
            44.82556
          ],
          [
            -110.448677,
            44.825821
          ],
          [
            -110.448808,
            44.826079
          ],
          [
            -110.448923,
            44.826336
          ],
          [
            -110.448986,
            44.826593
          ],
          [
            -110.448943,
            44.826866
          ],
          [
            -110.448794,
            44.827104
          ],
          [
            -110.448579,
            44.827302
          ],
          [
            -110.448272,
            44.82745
          ],
          [
            -110.447949,
            44.827565
          ],
          [
            -110.447634,
            44.827675
          ],
          [
            -110.447335,
            44.827818
          ],
          [
            -110.447089,
            44.828006
          ],
          [
            -110.44691,
            44.828226
          ],
          [
            -110.446804,
            44.828477
          ],
          [
            -110.446782,
            44.828743
          ],
          [
            -110.446807,
            44.829013
          ],
          [
            -110.446829,
            44.829287
          ],
          [
            -110.446822,
            44.829571
          ],
          [
            -110.446798,
            44.829854
          ],
          [
            -110.446775,
            44.830147
          ],
          [
            -110.446745,
            44.830439
          ],
          [
            -110.446717,
            44.830723
          ],
          [
            -110.446688,
            44.831006
          ],
          [
            -110.446655,
            44.831281
          ],
          [
            -110.446591,
            44.831546
          ],
          [
            -110.446483,
            44.831793
          ],
          [
            -110.446332,
            44.832026
          ],
          [
            -110.446141,
            44.832237
          ],
          [
            -110.445919,
            44.832429
          ],
          [
            -110.445686,
            44.832608
          ],
          [
            -110.445354,
            44.832866
          ],
          [
            -110.44521,
            44.832953
          ],
          [
            -110.444962,
            44.833127
          ],
          [
            -110.444731,
            44.833306
          ],
          [
            -110.444492,
            44.833485
          ],
          [
            -110.444269,
            44.833655
          ],
          [
            -110.444078,
            44.833838
          ],
          [
            -110.443977,
            44.834054
          ],
          [
            -110.44399,
            44.834296
          ],
          [
            -110.444055,
            44.83454
          ],
          [
            -110.444078,
            44.834791
          ],
          [
            -110.444064,
            44.835035
          ],
          [
            -110.443985,
            44.835277
          ],
          [
            -110.443834,
            44.835489
          ],
          [
            -110.443656,
            44.835695
          ],
          [
            -110.443416,
            44.835874
          ],
          [
            -110.443144,
            44.836021
          ],
          [
            -110.442844,
            44.836132
          ],
          [
            -110.442527,
            44.836225
          ],
          [
            -110.442214,
            44.836327
          ],
          [
            -110.441954,
            44.836493
          ],
          [
            -110.441779,
            44.836708
          ],
          [
            -110.441725,
            44.836952
          ],
          [
            -110.441754,
            44.837198
          ],
          [
            -110.441851,
            44.837436
          ],
          [
            -110.441971,
            44.837687
          ],
          [
            -110.442032,
            44.837938
          ],
          [
            -110.442007,
            44.838173
          ],
          [
            -110.441966,
            44.838307
          ],
          [
            -110.441906,
            44.83841
          ],
          [
            -110.441768,
            44.838606
          ],
          [
            -110.441586,
            44.838772
          ],
          [
            -110.441328,
            44.838927
          ],
          [
            -110.441056,
            44.83904
          ],
          [
            -110.440775,
            44.839156
          ],
          [
            -110.440493,
            44.839272
          ],
          [
            -110.440224,
            44.839392
          ],
          [
            -110.439975,
            44.839521
          ],
          [
            -110.439759,
            44.839673
          ],
          [
            -110.439575,
            44.839843
          ],
          [
            -110.439435,
            44.840023
          ],
          [
            -110.439319,
            44.840198
          ],
          [
            -110.439226,
            44.840373
          ],
          [
            -110.439116,
            44.84053
          ],
          [
            -110.438958,
            44.840655
          ],
          [
            -110.438752,
            44.840738
          ],
          [
            -110.438617,
            44.84077
          ],
          [
            -110.438407,
            44.84078
          ],
          [
            -110.438195,
            44.840757
          ],
          [
            -110.437996,
            44.840693
          ],
          [
            -110.437835,
            44.840602
          ],
          [
            -110.437731,
            44.840495
          ],
          [
            -110.437659,
            44.840376
          ],
          [
            -110.437617,
            44.840262
          ],
          [
            -110.437606,
            44.840046
          ],
          [
            -110.437598,
            44.839842
          ],
          [
            -110.437574,
            44.839703
          ],
          [
            -110.437491,
            44.839444
          ],
          [
            -110.437446,
            44.839267
          ],
          [
            -110.43745,
            44.839141
          ],
          [
            -110.4375,
            44.838878
          ],
          [
            -110.437511,
            44.838801
          ],
          [
            -110.437496,
            44.838713
          ],
          [
            -110.437439,
            44.838637
          ],
          [
            -110.437337,
            44.838574
          ],
          [
            -110.437224,
            44.838544
          ],
          [
            -110.437097,
            44.838539
          ],
          [
            -110.437001,
            44.838554
          ],
          [
            -110.436919,
            44.838589
          ],
          [
            -110.436838,
            44.83865
          ],
          [
            -110.436791,
            44.838723
          ],
          [
            -110.436776,
            44.838804
          ],
          [
            -110.436799,
            44.838884
          ],
          [
            -110.436863,
            44.838982
          ],
          [
            -110.437034,
            44.839205
          ],
          [
            -110.43709,
            44.839307
          ],
          [
            -110.437131,
            44.839421
          ],
          [
            -110.437187,
            44.839645
          ],
          [
            -110.437201,
            44.839888
          ],
          [
            -110.43716,
            44.840127
          ],
          [
            -110.437049,
            44.840344
          ],
          [
            -110.436898,
            44.84055
          ],
          [
            -110.436713,
            44.840747
          ],
          [
            -110.436487,
            44.840926
          ],
          [
            -110.43622,
            44.841073
          ],
          [
            -110.435922,
            44.841185
          ],
          [
            -110.435603,
            44.841264
          ],
          [
            -110.435272,
            44.841303
          ],
          [
            -110.434934,
            44.841315
          ],
          [
            -110.434596,
            44.841304
          ],
          [
            -110.434269,
            44.841289
          ],
          [
            -110.433929,
            44.841273
          ],
          [
            -110.433688,
            44.84127
          ],
          [
            -110.433464,
            44.841281
          ],
          [
            -110.43325,
            44.841303
          ],
          [
            -110.433088,
            44.841337
          ],
          [
            -110.432832,
            44.841399
          ],
          [
            -110.432591,
            44.841483
          ],
          [
            -110.432362,
            44.841594
          ],
          [
            -110.432149,
            44.841733
          ],
          [
            -110.431961,
            44.84189
          ],
          [
            -110.431802,
            44.842055
          ],
          [
            -110.431666,
            44.84223
          ],
          [
            -110.431546,
            44.84241
          ],
          [
            -110.431446,
            44.842594
          ],
          [
            -110.431363,
            44.842782
          ],
          [
            -110.431303,
            44.842985
          ],
          [
            -110.431268,
            44.843191
          ],
          [
            -110.431251,
            44.843403
          ],
          [
            -110.43124,
            44.843605
          ],
          [
            -110.431223,
            44.843808
          ],
          [
            -110.431182,
            44.844006
          ],
          [
            -110.431122,
            44.844199
          ],
          [
            -110.431049,
            44.844392
          ],
          [
            -110.430975,
            44.844581
          ],
          [
            -110.430895,
            44.844774
          ],
          [
            -110.430807,
            44.844967
          ],
          [
            -110.430694,
            44.845151
          ],
          [
            -110.430555,
            44.845317
          ],
          [
            -110.430388,
            44.845465
          ],
          [
            -110.430199,
            44.845594
          ],
          [
            -110.429981,
            44.845697
          ],
          [
            -110.429745,
            44.845803
          ],
          [
            -110.429501,
            44.84591
          ],
          [
            -110.429261,
            44.846013
          ],
          [
            -110.429033,
            44.846119
          ],
          [
            -110.428821,
            44.846222
          ],
          [
            -110.428625,
            44.846329
          ],
          [
            -110.428448,
            44.846441
          ],
          [
            -110.428282,
            44.846548
          ],
          [
            -110.428124,
            44.846664
          ],
          [
            -110.427968,
            44.84678
          ],
          [
            -110.427809,
            44.846901
          ],
          [
            -110.427648,
            44.847022
          ],
          [
            -110.42748,
            44.847147
          ],
          [
            -110.427312,
            44.847272
          ],
          [
            -110.427142,
            44.847397
          ],
          [
            -110.426977,
            44.847527
          ],
          [
            -110.426818,
            44.847661
          ],
          [
            -110.426666,
            44.847796
          ],
          [
            -110.426529,
            44.847934
          ],
          [
            -110.426397,
            44.848073
          ],
          [
            -110.426262,
            44.848212
          ],
          [
            -110.426125,
            44.848351
          ],
          [
            -110.425986,
            44.848499
          ],
          [
            -110.425846,
            44.848647
          ],
          [
            -110.425703,
            44.848794
          ],
          [
            -110.425558,
            44.848947
          ],
          [
            -110.42541,
            44.849104
          ],
          [
            -110.425262,
            44.84926
          ],
          [
            -110.425111,
            44.849422
          ],
          [
            -110.424956,
            44.849583
          ],
          [
            -110.424795,
            44.849749
          ],
          [
            -110.424629,
            44.849919
          ],
          [
            -110.424463,
            44.850085
          ],
          [
            -110.424293,
            44.850246
          ],
          [
            -110.424116,
            44.850402
          ],
          [
            -110.423931,
            44.850554
          ],
          [
            -110.42374,
            44.850698
          ],
          [
            -110.423556,
            44.850832
          ],
          [
            -110.423376,
            44.850957
          ],
          [
            -110.423201,
            44.851073
          ],
          [
            -110.423023,
            44.851185
          ],
          [
            -110.422842,
            44.851287
          ],
          [
            -110.422661,
            44.851385
          ],
          [
            -110.422473,
            44.851488
          ],
          [
            -110.422279,
            44.851586
          ],
          [
            -110.422078,
            44.851679
          ],
          [
            -110.421869,
            44.851773
          ],
          [
            -110.421656,
            44.851862
          ],
          [
            -110.421435,
            44.851955
          ],
          [
            -110.421213,
            44.852053
          ],
          [
            -110.420995,
            44.85216
          ],
          [
            -110.420789,
            44.85228
          ],
          [
            -110.4206,
            44.852415
          ],
          [
            -110.420428,
            44.852562
          ],
          [
            -110.420265,
            44.852714
          ],
          [
            -110.420102,
            44.852876
          ],
          [
            -110.419927,
            44.85305
          ],
          [
            -110.419739,
            44.853238
          ],
          [
            -110.419524,
            44.853413
          ],
          [
            -110.419271,
            44.853556
          ],
          [
            -110.418994,
            44.853658
          ],
          [
            -110.418704,
            44.853724
          ],
          [
            -110.418407,
            44.85374
          ],
          [
            -110.418112,
            44.853721
          ],
          [
            -110.417823,
            44.853661
          ],
          [
            -110.417539,
            44.853583
          ],
          [
            -110.417257,
            44.853505
          ],
          [
            -110.416985,
            44.853422
          ],
          [
            -110.416724,
            44.853345
          ],
          [
            -110.416473,
            44.853271
          ],
          [
            -110.41623,
            44.853202
          ],
          [
            -110.41598,
            44.853152
          ],
          [
            -110.415719,
            44.853146
          ],
          [
            -110.415444,
            44.853189
          ],
          [
            -110.415169,
            44.853292
          ],
          [
            -110.414935,
            44.853466
          ],
          [
            -110.414755,
            44.853686
          ],
          [
            -110.414591,
            44.853923
          ],
          [
            -110.41443,
            44.85417
          ],
          [
            -110.414267,
            44.854417
          ],
          [
            -110.414082,
            44.854659
          ],
          [
            -110.413855,
            44.854883
          ],
          [
            -110.413597,
            44.855088
          ],
          [
            -110.413313,
            44.855276
          ],
          [
            -110.413006,
            44.855445
          ],
          [
            -110.412682,
            44.855588
          ],
          [
            -110.41235,
            44.855703
          ],
          [
            -110.412036,
            44.855841
          ],
          [
            -110.411754,
            44.856011
          ],
          [
            -110.411514,
            44.85623
          ],
          [
            -110.41129,
            44.856467
          ],
          [
            -110.411064,
            44.856714
          ],
          [
            -110.410836,
            44.85696
          ],
          [
            -110.410611,
            44.857202
          ],
          [
            -110.410526,
            44.857293
          ],
          [
            -110.410384,
            44.857448
          ],
          [
            -110.410158,
            44.85773
          ],
          [
            -110.410005,
            44.857987
          ],
          [
            -110.409847,
            44.858265
          ],
          [
            -110.409691,
            44.858548
          ],
          [
            -110.409529,
            44.85883
          ],
          [
            -110.409387,
            44.859122
          ],
          [
            -110.409269,
            44.859419
          ],
          [
            -110.409184,
            44.859715
          ],
          [
            -110.409126,
            44.860017
          ],
          [
            -110.409079,
            44.860309
          ],
          [
            -110.409031,
            44.860597
          ],
          [
            -110.408988,
            44.860876
          ],
          [
            -110.408902,
            44.861424
          ],
          [
            -110.408864,
            44.86169
          ],
          [
            -110.40883,
            44.861951
          ],
          [
            -110.408822,
            44.862212
          ],
          [
            -110.408888,
            44.862464
          ],
          [
            -110.408984,
            44.862712
          ],
          [
            -110.409026,
            44.862964
          ],
          [
            -110.408996,
            44.86323
          ],
          [
            -110.408967,
            44.863509
          ],
          [
            -110.408957,
            44.863806
          ],
          [
            -110.40896,
            44.864107
          ],
          [
            -110.408956,
            44.864409
          ],
          [
            -110.408958,
            44.86471
          ],
          [
            -110.40896,
            44.865007
          ],
          [
            -110.408934,
            44.865309
          ],
          [
            -110.408883,
            44.865601
          ],
          [
            -110.408824,
            44.865893
          ],
          [
            -110.408766,
            44.866177
          ],
          [
            -110.408714,
            44.866455
          ],
          [
            -110.408653,
            44.866725
          ],
          [
            -110.408545,
            44.866986
          ],
          [
            -110.408388,
            44.867232
          ],
          [
            -110.408186,
            44.867461
          ],
          [
            -110.407943,
            44.867667
          ],
          [
            -110.40767,
            44.867845
          ],
          [
            -110.407372,
            44.867992
          ],
          [
            -110.407062,
            44.868108
          ],
          [
            -110.406619,
            44.868214
          ],
          [
            -110.406489,
            44.868241
          ],
          [
            -110.40607,
            44.868274
          ],
          [
            -110.405715,
            44.868267
          ],
          [
            -110.405358,
            44.868229
          ],
          [
            -110.405015,
            44.86816
          ],
          [
            -110.404694,
            44.868055
          ],
          [
            -110.404397,
            44.867932
          ],
          [
            -110.404115,
            44.867822
          ],
          [
            -110.403881,
            44.867659
          ],
          [
            -110.403686,
            44.867478
          ],
          [
            -110.403521,
            44.867293
          ],
          [
            -110.403382,
            44.867094
          ],
          [
            -110.403278,
            44.866882
          ],
          [
            -110.403214,
            44.866665
          ],
          [
            -110.403185,
            44.866445
          ],
          [
            -110.403185,
            44.866224
          ],
          [
            -110.403199,
            44.866004
          ],
          [
            -110.403206,
            44.865797
          ],
          [
            -110.403188,
            44.865594
          ],
          [
            -110.403147,
            44.865396
          ],
          [
            -110.403078,
            44.865202
          ],
          [
            -110.402983,
            44.865017
          ],
          [
            -110.402861,
            44.864836
          ],
          [
            -110.402715,
            44.864664
          ],
          [
            -110.402538,
            44.864506
          ],
          [
            -110.402339,
            44.86437
          ],
          [
            -110.402133,
            44.864247
          ],
          [
            -110.401914,
            44.864147
          ],
          [
            -110.401687,
            44.864051
          ],
          [
            -110.40142,
            44.86396
          ],
          [
            -110.40111,
            44.863891
          ],
          [
            -110.400785,
            44.863849
          ],
          [
            -110.400455,
            44.863833
          ],
          [
            -110.400129,
            44.86385
          ],
          [
            -110.39981,
            44.863893
          ],
          [
            -110.3995,
            44.863959
          ],
          [
            -110.399198,
            44.864052
          ],
          [
            -110.398903,
            44.864149
          ],
          [
            -110.398609,
            44.864238
          ],
          [
            -110.398322,
            44.864308
          ],
          [
            -110.398041,
            44.864361
          ],
          [
            -110.397771,
            44.8644
          ],
          [
            -110.397511,
            44.864425
          ],
          [
            -110.397262,
            44.864442
          ],
          [
            -110.397025,
            44.86445
          ],
          [
            -110.39681,
            44.864449
          ],
          [
            -110.39662,
            44.864439
          ],
          [
            -110.396462,
            44.864424
          ],
          [
            -110.396213,
            44.86439
          ],
          [
            -110.395716,
            44.864317
          ],
          [
            -110.395464,
            44.864276
          ],
          [
            -110.39532,
            44.864253
          ],
          [
            -110.395135,
            44.86422
          ],
          [
            -110.394927,
            44.864196
          ],
          [
            -110.3947,
            44.86419
          ],
          [
            -110.394449,
            44.864196
          ],
          [
            -110.394179,
            44.864248
          ],
          [
            -110.393898,
            44.864333
          ],
          [
            -110.393617,
            44.864455
          ],
          [
            -110.393384,
            44.864629
          ],
          [
            -110.393164,
            44.864821
          ],
          [
            -110.39295,
            44.865031
          ],
          [
            -110.392725,
            44.865251
          ],
          [
            -110.392495,
            44.865484
          ],
          [
            -110.392256,
            44.865721
          ],
          [
            -110.392004,
            44.865963
          ],
          [
            -110.391724,
            44.866204
          ],
          [
            -110.391426,
            44.866446
          ],
          [
            -110.391118,
            44.866692
          ],
          [
            -110.390801,
            44.866942
          ],
          [
            -110.390459,
            44.867179
          ],
          [
            -110.390084,
            44.867388
          ],
          [
            -110.389702,
            44.867566
          ],
          [
            -110.389323,
            44.867753
          ],
          [
            -110.388956,
            44.867954
          ],
          [
            -110.388609,
            44.868168
          ],
          [
            -110.388277,
            44.868396
          ],
          [
            -110.387963,
            44.868633
          ],
          [
            -110.387678,
            44.868879
          ],
          [
            -110.387422,
            44.869125
          ],
          [
            -110.387187,
            44.869371
          ],
          [
            -110.386949,
            44.869586
          ],
          [
            -110.386827,
            44.869684
          ],
          [
            -110.386703,
            44.869783
          ],
          [
            -110.386452,
            44.869975
          ],
          [
            -110.386191,
            44.870176
          ],
          [
            -110.385919,
            44.870386
          ],
          [
            -110.385638,
            44.870605
          ],
          [
            -110.385353,
            44.870824
          ],
          [
            -110.385067,
            44.871043
          ],
          [
            -110.384773,
            44.871262
          ],
          [
            -110.384475,
            44.87149
          ],
          [
            -110.384171,
            44.871723
          ],
          [
            -110.38386,
            44.871959
          ],
          [
            -110.383549,
            44.872201
          ],
          [
            -110.383241,
            44.872442
          ],
          [
            -110.382957,
            44.872688
          ],
          [
            -110.382716,
            44.87293
          ],
          [
            -110.382512,
            44.873176
          ],
          [
            -110.382348,
            44.87341
          ],
          [
            -110.382276,
            44.873526
          ],
          [
            -110.382209,
            44.873638
          ],
          [
            -110.382093,
            44.873881
          ],
          [
            -110.381991,
            44.874141
          ],
          [
            -110.381893,
            44.874415
          ],
          [
            -110.381796,
            44.874694
          ],
          [
            -110.381696,
            44.874981
          ],
          [
            -110.381596,
            44.875273
          ],
          [
            -110.381493,
            44.875574
          ],
          [
            -110.381387,
            44.87588
          ],
          [
            -110.381284,
            44.87619
          ],
          [
            -110.381231,
            44.876508
          ],
          [
            -110.381216,
            44.876809
          ],
          [
            -110.381266,
            44.877108
          ],
          [
            -110.381366,
            44.877379
          ],
          [
            -110.381476,
            44.877667
          ],
          [
            -110.381541,
            44.877937
          ],
          [
            -110.381565,
            44.878209
          ],
          [
            -110.381521,
            44.878477
          ],
          [
            -110.381444,
            44.878729
          ],
          [
            -110.381334,
            44.87899
          ],
          [
            -110.381305,
            44.879249
          ],
          [
            -110.3813,
            44.879526
          ],
          [
            -110.381344,
            44.879804
          ],
          [
            -110.381484,
            44.880075
          ],
          [
            -110.381662,
            44.88032
          ],
          [
            -110.381872,
            44.880582
          ],
          [
            -110.382014,
            44.880865
          ],
          [
            -110.382081,
            44.881166
          ],
          [
            -110.382064,
            44.881484
          ],
          [
            -110.381976,
            44.881775
          ],
          [
            -110.381917,
            44.882059
          ],
          [
            -110.381907,
            44.882314
          ],
          [
            -110.381979,
            44.882574
          ],
          [
            -110.382125,
            44.882829
          ],
          [
            -110.382326,
            44.883055
          ],
          [
            -110.382516,
            44.88329
          ],
          [
            -110.38268,
            44.88353
          ],
          [
            -110.382817,
            44.883774
          ],
          [
            -110.382937,
            44.884017
          ],
          [
            -110.383039,
            44.884265
          ],
          [
            -110.383099,
            44.8845
          ],
          [
            -110.383237,
            44.884726
          ],
          [
            -110.383338,
            44.884825
          ],
          [
            -110.383455,
            44.884916
          ],
          [
            -110.383735,
            44.885088
          ],
          [
            -110.384029,
            44.88527
          ],
          [
            -110.384269,
            44.885487
          ],
          [
            -110.384437,
            44.885736
          ],
          [
            -110.384604,
            44.885998
          ],
          [
            -110.384803,
            44.886255
          ],
          [
            -110.385049,
            44.886504
          ],
          [
            -110.385336,
            44.88674
          ],
          [
            -110.385883,
            44.887116
          ],
          [
            -110.386293,
            44.887487
          ],
          [
            -110.386453,
            44.887642
          ],
          [
            -110.386638,
            44.887869
          ],
          [
            -110.386818,
            44.888104
          ],
          [
            -110.38696,
            44.888346
          ],
          [
            -110.387055,
            44.888591
          ],
          [
            -110.387066,
            44.888743
          ],
          [
            -110.387042,
            44.888877
          ],
          [
            -110.386985,
            44.889148
          ],
          [
            -110.386918,
            44.889362
          ],
          [
            -110.386917,
            44.889559
          ],
          [
            -110.386951,
            44.889706
          ],
          [
            -110.387057,
            44.889954
          ],
          [
            -110.387131,
            44.890139
          ],
          [
            -110.387144,
            44.890297
          ],
          [
            -110.387126,
            44.89047
          ],
          [
            -110.38709,
            44.890634
          ],
          [
            -110.387057,
            44.890794
          ],
          [
            -110.38702,
            44.89115
          ],
          [
            -110.386999,
            44.891356
          ],
          [
            -110.387005,
            44.891483
          ],
          [
            -110.38703,
            44.891601
          ],
          [
            -110.387089,
            44.891695
          ],
          [
            -110.387142,
            44.891781
          ],
          [
            -110.387226,
            44.891871
          ],
          [
            -110.387408,
            44.892058
          ],
          [
            -110.387607,
            44.892212
          ],
          [
            -110.387855,
            44.892416
          ],
          [
            -110.388034,
            44.892579
          ],
          [
            -110.388108,
            44.89271
          ],
          [
            -110.388135,
            44.89284
          ],
          [
            -110.388139,
            44.892966
          ],
          [
            -110.388129,
            44.893092
          ],
          [
            -110.388119,
            44.893205
          ],
          [
            -110.388105,
            44.893317
          ],
          [
            -110.388103,
            44.89343
          ],
          [
            -110.38812,
            44.893565
          ],
          [
            -110.388153,
            44.893709
          ],
          [
            -110.388198,
            44.893871
          ],
          [
            -110.388216,
            44.894052
          ],
          [
            -110.388193,
            44.894249
          ],
          [
            -110.388143,
            44.894452
          ],
          [
            -110.388133,
            44.894512
          ],
          [
            -110.388143,
            44.894664
          ],
          [
            -110.388202,
            44.894858
          ],
          [
            -110.388314,
            44.895054
          ],
          [
            -110.388447,
            44.895229
          ],
          [
            -110.388592,
            44.895416
          ],
          [
            -110.388752,
            44.895605
          ],
          [
            -110.388902,
            44.89579
          ],
          [
            -110.389038,
            44.895954
          ],
          [
            -110.389195,
            44.896139
          ],
          [
            -110.389309,
            44.896303
          ],
          [
            -110.389405,
            44.896466
          ],
          [
            -110.389476,
            44.896641
          ],
          [
            -110.389521,
            44.896815
          ],
          [
            -110.38953,
            44.896996
          ],
          [
            -110.389493,
            44.897333
          ],
          [
            -110.389454,
            44.897567
          ],
          [
            -110.389426,
            44.897845
          ],
          [
            -110.389456,
            44.898019
          ],
          [
            -110.389559,
            44.898207
          ],
          [
            -110.389686,
            44.898407
          ],
          [
            -110.389792,
            44.898578
          ],
          [
            -110.389902,
            44.89877
          ],
          [
            -110.390004,
            44.89895
          ],
          [
            -110.390123,
            44.899122
          ],
          [
            -110.39028,
            44.899254
          ],
          [
            -110.390456,
            44.899371
          ],
          [
            -110.390702,
            44.899523
          ],
          [
            -110.390946,
            44.899642
          ],
          [
            -110.391167,
            44.899818
          ],
          [
            -110.39136,
            44.899972
          ],
          [
            -110.391547,
            44.900123
          ],
          [
            -110.391666,
            44.900326
          ],
          [
            -110.391789,
            44.900599
          ],
          [
            -110.39196,
            44.900854
          ],
          [
            -110.392195,
            44.901034
          ],
          [
            -110.392602,
            44.901209
          ],
          [
            -110.392744,
            44.901262
          ],
          [
            -110.393101,
            44.901354
          ],
          [
            -110.393389,
            44.901433
          ],
          [
            -110.393604,
            44.901504
          ],
          [
            -110.393827,
            44.901583
          ],
          [
            -110.393972,
            44.901641
          ],
          [
            -110.394093,
            44.901699
          ],
          [
            -110.394466,
            44.901871
          ],
          [
            -110.394721,
            44.901945
          ],
          [
            -110.394972,
            44.901969
          ],
          [
            -110.395252,
            44.901984
          ],
          [
            -110.395516,
            44.901994
          ],
          [
            -110.395759,
            44.902009
          ],
          [
            -110.396259,
            44.902074
          ],
          [
            -110.396667,
            44.902201
          ],
          [
            -110.396861,
            44.902326
          ],
          [
            -110.396944,
            44.902385
          ],
          [
            -110.397035,
            44.902461
          ],
          [
            -110.39719,
            44.902669
          ],
          [
            -110.397311,
            44.902868
          ],
          [
            -110.397393,
            44.903017
          ],
          [
            -110.397479,
            44.903184
          ],
          [
            -110.397592,
            44.90336
          ],
          [
            -110.397671,
            44.903459
          ],
          [
            -110.397779,
            44.903573
          ],
          [
            -110.397897,
            44.903713
          ],
          [
            -110.398018,
            44.903862
          ],
          [
            -110.398146,
            44.904016
          ],
          [
            -110.39827,
            44.904169
          ],
          [
            -110.398392,
            44.904318
          ],
          [
            -110.398512,
            44.904454
          ],
          [
            -110.398622,
            44.904576
          ],
          [
            -110.398837,
            44.904748
          ],
          [
            -110.398943,
            44.90483
          ],
          [
            -110.399124,
            44.904961
          ],
          [
            -110.39936,
            44.905174
          ],
          [
            -110.399492,
            44.905328
          ],
          [
            -110.399646,
            44.90555
          ],
          [
            -110.399812,
            44.905786
          ],
          [
            -110.400116,
            44.906228
          ],
          [
            -110.40032,
            44.906525
          ],
          [
            -110.400494,
            44.906774
          ],
          [
            -110.400691,
            44.907013
          ],
          [
            -110.400911,
            44.907253
          ],
          [
            -110.401138,
            44.907511
          ],
          [
            -110.401377,
            44.907768
          ],
          [
            -110.401619,
            44.908026
          ],
          [
            -110.401861,
            44.908284
          ],
          [
            -110.402116,
            44.908537
          ],
          [
            -110.402397,
            44.908782
          ],
          [
            -110.402703,
            44.909013
          ],
          [
            -110.403015,
            44.909244
          ],
          [
            -110.403325,
            44.909475
          ],
          [
            -110.40363,
            44.909698
          ],
          [
            -110.403926,
            44.909915
          ],
          [
            -110.404206,
            44.910128
          ],
          [
            -110.404477,
            44.910332
          ],
          [
            -110.404721,
            44.910541
          ],
          [
            -110.404921,
            44.910765
          ],
          [
            -110.40505,
            44.910998
          ],
          [
            -110.4051,
            44.911266
          ],
          [
            -110.405119,
            44.911505
          ],
          [
            -110.405201,
            44.911742
          ],
          [
            -110.405348,
            44.911957
          ],
          [
            -110.405501,
            44.912176
          ],
          [
            -110.405683,
            44.912386
          ],
          [
            -110.405866,
            44.912588
          ],
          [
            -110.406118,
            44.912739
          ],
          [
            -110.406409,
            44.912849
          ],
          [
            -110.40672,
            44.912901
          ],
          [
            -110.407045,
            44.912945
          ],
          [
            -110.40737,
            44.912987
          ],
          [
            -110.407677,
            44.913028
          ],
          [
            -110.407968,
            44.913078
          ],
          [
            -110.408265,
            44.913134
          ],
          [
            -110.408548,
            44.913203
          ],
          [
            -110.408811,
            44.913294
          ],
          [
            -110.409057,
            44.913412
          ],
          [
            -110.409279,
            44.913539
          ],
          [
            -110.409488,
            44.913675
          ],
          [
            -110.409686,
            44.913807
          ],
          [
            -110.40988,
            44.91393
          ],
          [
            -110.410077,
            44.914034
          ],
          [
            -110.410278,
            44.914139
          ],
          [
            -110.410496,
            44.914248
          ],
          [
            -110.41073,
            44.914353
          ],
          [
            -110.410988,
            44.914453
          ],
          [
            -110.411252,
            44.914535
          ],
          [
            -110.411524,
            44.914622
          ],
          [
            -110.411803,
            44.914714
          ],
          [
            -110.412088,
            44.914801
          ],
          [
            -110.413996,
            44.915374
          ],
          [
            -110.415767,
            44.915985
          ],
          [
            -110.415994,
            44.91606
          ],
          [
            -110.416218,
            44.916129
          ],
          [
            -110.416533,
            44.916221
          ],
          [
            -110.416895,
            44.91633
          ],
          [
            -110.417258,
            44.91644
          ],
          [
            -110.417612,
            44.916546
          ],
          [
            -110.417965,
            44.916651
          ],
          [
            -110.418328,
            44.916761
          ],
          [
            -110.418697,
            44.91688
          ],
          [
            -110.419068,
            44.917003
          ],
          [
            -110.419359,
            44.917089
          ],
          [
            -110.419606,
            44.917168
          ],
          [
            -110.41983,
            44.917242
          ],
          [
            -110.420194,
            44.917354
          ],
          [
            -110.420579,
            44.917478
          ],
          [
            -110.420959,
            44.917605
          ],
          [
            -110.421324,
            44.91776
          ],
          [
            -110.421674,
            44.917933
          ],
          [
            -110.422,
            44.918124
          ],
          [
            -110.422298,
            44.918328
          ],
          [
            -110.422567,
            44.918549
          ],
          [
            -110.422816,
            44.918776
          ],
          [
            -110.423057,
            44.918998
          ],
          [
            -110.423296,
            44.919224
          ],
          [
            -110.423535,
            44.919446
          ],
          [
            -110.423772,
            44.919672
          ],
          [
            -110.424016,
            44.919894
          ],
          [
            -110.424264,
            44.92012
          ],
          [
            -110.424528,
            44.920337
          ],
          [
            -110.424826,
            44.920537
          ],
          [
            -110.425161,
            44.920701
          ],
          [
            -110.425526,
            44.920846
          ],
          [
            -110.425929,
            44.920988
          ],
          [
            -110.426346,
            44.921125
          ],
          [
            -110.426761,
            44.921267
          ],
          [
            -110.427179,
            44.921404
          ],
          [
            -110.427588,
            44.921546
          ],
          [
            -110.428011,
            44.921678
          ],
          [
            -110.428436,
            44.921794
          ],
          [
            -110.428873,
            44.921905
          ],
          [
            -110.429313,
            44.921998
          ],
          [
            -110.4302,
            44.922182
          ],
          [
            -110.430647,
            44.922277
          ],
          [
            -110.431064,
            44.922377
          ],
          [
            -110.431473,
            44.922492
          ],
          [
            -110.431889,
            44.922616
          ],
          [
            -110.432298,
            44.922709
          ],
          [
            -110.43271,
            44.922735
          ],
          [
            -110.433102,
            44.922694
          ],
          [
            -110.433468,
            44.92261
          ],
          [
            -110.433812,
            44.922495
          ],
          [
            -110.434164,
            44.922384
          ],
          [
            -110.434548,
            44.922296
          ],
          [
            -110.434949,
            44.922217
          ],
          [
            -110.435366,
            44.922142
          ],
          [
            -110.4358,
            44.922059
          ],
          [
            -110.436243,
            44.921994
          ],
          [
            -110.436687,
            44.921919
          ],
          [
            -110.437128,
            44.921845
          ],
          [
            -110.437563,
            44.921771
          ],
          [
            -110.438,
            44.921701
          ],
          [
            -110.438442,
            44.921635
          ],
          [
            -110.438883,
            44.921561
          ],
          [
            -110.439321,
            44.921478
          ],
          [
            -110.439755,
            44.921403
          ],
          [
            -110.440184,
            44.921329
          ],
          [
            -110.440614,
            44.921272
          ],
          [
            -110.441014,
            44.921248
          ],
          [
            -110.441283,
            44.921249
          ],
          [
            -110.441516,
            44.921254
          ],
          [
            -110.441979,
            44.921297
          ],
          [
            -110.442431,
            44.921367
          ],
          [
            -110.442863,
            44.921468
          ],
          [
            -110.443266,
            44.9216
          ],
          [
            -110.443636,
            44.921751
          ],
          [
            -110.444116,
            44.922006
          ],
          [
            -110.444285,
            44.92211
          ],
          [
            -110.444576,
            44.922318
          ],
          [
            -110.444838,
            44.922553
          ],
          [
            -110.44507,
            44.922806
          ],
          [
            -110.445265,
            44.923077
          ],
          [
            -110.445419,
            44.923371
          ],
          [
            -110.445548,
            44.923673
          ],
          [
            -110.445696,
            44.923966
          ],
          [
            -110.445895,
            44.924242
          ],
          [
            -110.446112,
            44.924508
          ],
          [
            -110.446339,
            44.924771
          ],
          [
            -110.446567,
            44.925028
          ],
          [
            -110.446789,
            44.925281
          ],
          [
            -110.446999,
            44.92553
          ],
          [
            -110.447168,
            44.925778
          ],
          [
            -110.447262,
            44.926018
          ],
          [
            -110.447281,
            44.926292
          ],
          [
            -110.447239,
            44.926421
          ],
          [
            -110.447152,
            44.926585
          ],
          [
            -110.446961,
            44.926791
          ],
          [
            -110.446708,
            44.926993
          ],
          [
            -110.446444,
            44.927205
          ],
          [
            -110.446168,
            44.927441
          ],
          [
            -110.445922,
            44.927675
          ],
          [
            -110.445725,
            44.927871
          ],
          [
            -110.445501,
            44.928115
          ],
          [
            -110.445292,
            44.928349
          ],
          [
            -110.445057,
            44.928598
          ],
          [
            -110.444832,
            44.928851
          ],
          [
            -110.444599,
            44.929115
          ],
          [
            -110.444365,
            44.929384
          ],
          [
            -110.444139,
            44.929666
          ],
          [
            -110.4439,
            44.929908
          ],
          [
            -110.443673,
            44.930164
          ],
          [
            -110.443453,
            44.93041
          ],
          [
            -110.443239,
            44.930657
          ],
          [
            -110.443029,
            44.930899
          ],
          [
            -110.442816,
            44.931141
          ],
          [
            -110.442622,
            44.931389
          ],
          [
            -110.44245,
            44.931652
          ],
          [
            -110.442343,
            44.931926
          ],
          [
            -110.44227,
            44.932218
          ],
          [
            -110.442237,
            44.932519
          ],
          [
            -110.442231,
            44.93283
          ],
          [
            -110.442231,
            44.93314
          ],
          [
            -110.442228,
            44.933447
          ],
          [
            -110.442229,
            44.933744
          ],
          [
            -110.442231,
            44.934032
          ],
          [
            -110.442232,
            44.934315
          ],
          [
            -110.442231,
            44.934594
          ],
          [
            -110.442234,
            44.93486
          ],
          [
            -110.442242,
            44.935121
          ],
          [
            -110.442267,
            44.935373
          ],
          [
            -110.442309,
            44.935612
          ],
          [
            -110.442368,
            44.93584
          ],
          [
            -110.442452,
            44.936047
          ],
          [
            -110.442529,
            44.93623
          ],
          [
            -110.442616,
            44.936392
          ],
          [
            -110.442695,
            44.936519
          ],
          [
            -110.442803,
            44.936674
          ],
          [
            -110.442882,
            44.936774
          ],
          [
            -110.442996,
            44.936918
          ],
          [
            -110.443151,
            44.937094
          ],
          [
            -110.443339,
            44.937282
          ],
          [
            -110.443606,
            44.937511
          ],
          [
            -110.443895,
            44.937738
          ],
          [
            -110.444189,
            44.937951
          ],
          [
            -110.444491,
            44.938164
          ],
          [
            -110.444797,
            44.938386
          ],
          [
            -110.445105,
            44.938604
          ],
          [
            -110.44541,
            44.938826
          ],
          [
            -110.445711,
            44.939048
          ],
          [
            -110.446015,
            44.939275
          ],
          [
            -110.446314,
            44.939501
          ],
          [
            -110.446604,
            44.939727
          ],
          [
            -110.446887,
            44.939949
          ],
          [
            -110.447169,
            44.940166
          ],
          [
            -110.447422,
            44.940396
          ],
          [
            -110.447666,
            44.94062
          ],
          [
            -110.447917,
            44.940859
          ],
          [
            -110.448416,
            44.941337
          ],
          [
            -110.44867,
            44.941576
          ],
          [
            -110.448918,
            44.941816
          ],
          [
            -110.449158,
            44.942051
          ],
          [
            -110.449389,
            44.942282
          ],
          [
            -110.44963,
            44.942513
          ],
          [
            -110.449874,
            44.942748
          ],
          [
            -110.450124,
            44.942988
          ],
          [
            -110.450378,
            44.943228
          ],
          [
            -110.450626,
            44.943467
          ],
          [
            -110.450871,
            44.943712
          ],
          [
            -110.451127,
            44.943959
          ],
          [
            -110.451343,
            44.944203
          ],
          [
            -110.451519,
            44.944474
          ],
          [
            -110.451611,
            44.94474
          ],
          [
            -110.451621,
            44.945015
          ],
          [
            -110.451567,
            44.945284
          ],
          [
            -110.451463,
            44.945536
          ],
          [
            -110.45135,
            44.945787
          ],
          [
            -110.451278,
            44.946039
          ],
          [
            -110.451244,
            44.946278
          ],
          [
            -110.451323,
            44.946535
          ],
          [
            -110.45147,
            44.946787
          ],
          [
            -110.451689,
            44.947018
          ],
          [
            -110.45197,
            44.947213
          ],
          [
            -110.452309,
            44.947363
          ],
          [
            -110.452679,
            44.947441
          ],
          [
            -110.453059,
            44.947475
          ],
          [
            -110.45343,
            44.947458
          ],
          [
            -110.453653,
            44.947438
          ],
          [
            -110.453784,
            44.947429
          ],
          [
            -110.454176,
            44.947376
          ],
          [
            -110.454582,
            44.947333
          ],
          [
            -110.454996,
            44.947286
          ],
          [
            -110.455413,
            44.947243
          ],
          [
            -110.455827,
            44.947204
          ],
          [
            -110.456233,
            44.947157
          ],
          [
            -110.456636,
            44.947118
          ],
          [
            -110.457032,
            44.947088
          ],
          [
            -110.457431,
            44.947081
          ],
          [
            -110.457825,
            44.947097
          ],
          [
            -110.458203,
            44.947112
          ],
          [
            -110.458572,
            44.947159
          ],
          [
            -110.458934,
            44.947223
          ],
          [
            -110.45929,
            44.947302
          ],
          [
            -110.459647,
            44.947398
          ],
          [
            -110.460005,
            44.947508
          ],
          [
            -110.460369,
            44.947631
          ],
          [
            -110.460734,
            44.947754
          ],
          [
            -110.461103,
            44.947868
          ],
          [
            -110.461478,
            44.947987
          ],
          [
            -110.461853,
            44.948106
          ],
          [
            -110.462213,
            44.948229
          ],
          [
            -110.462586,
            44.948356
          ],
          [
            -110.46301,
            44.948466
          ],
          [
            -110.46338,
            44.948501
          ],
          [
            -110.46372,
            44.948466
          ],
          [
            -110.46409,
            44.948387
          ],
          [
            -110.464453,
            44.94828
          ],
          [
            -110.464812,
            44.94816
          ],
          [
            -110.465183,
            44.948072
          ],
          [
            -110.465567,
            44.948024
          ],
          [
            -110.46596,
            44.948008
          ],
          [
            -110.46635,
            44.948028
          ],
          [
            -110.466728,
            44.948079
          ],
          [
            -110.467111,
            44.948149
          ],
          [
            -110.467528,
            44.948236
          ],
          [
            -110.467943,
            44.948319
          ],
          [
            -110.468346,
            44.948406
          ],
          [
            -110.468732,
            44.94848
          ],
          [
            -110.469112,
            44.948532
          ],
          [
            -110.469488,
            44.948547
          ],
          [
            -110.469864,
            44.948526
          ],
          [
            -110.470239,
            44.948474
          ],
          [
            -110.470597,
            44.948391
          ],
          [
            -110.470998,
            44.948308
          ],
          [
            -110.471388,
            44.948265
          ],
          [
            -110.471768,
            44.948262
          ],
          [
            -110.47214,
            44.948312
          ],
          [
            -110.472509,
            44.948399
          ],
          [
            -110.472851,
            44.948522
          ],
          [
            -110.47317,
            44.948676
          ],
          [
            -110.473489,
            44.948844
          ],
          [
            -110.47384,
            44.949004
          ],
          [
            -110.474214,
            44.949136
          ],
          [
            -110.474593,
            44.949241
          ],
          [
            -110.474975,
            44.949324
          ],
          [
            -110.47536,
            44.949407
          ],
          [
            -110.475746,
            44.949492
          ],
          [
            -110.476149,
            44.949575
          ],
          [
            -110.476506,
            44.949673
          ],
          [
            -110.476863,
            44.949837
          ],
          [
            -110.477187,
            44.950009
          ],
          [
            -110.477454,
            44.950208
          ],
          [
            -110.477688,
            44.950434
          ],
          [
            -110.477881,
            44.950683
          ],
          [
            -110.478018,
            44.950939
          ],
          [
            -110.478106,
            44.951197
          ],
          [
            -110.478141,
            44.951458
          ],
          [
            -110.478202,
            44.951747
          ],
          [
            -110.47835,
            44.951995
          ],
          [
            -110.478564,
            44.952266
          ],
          [
            -110.478815,
            44.952492
          ],
          [
            -110.479083,
            44.952714
          ],
          [
            -110.479341,
            44.952949
          ],
          [
            -110.479584,
            44.953193
          ],
          [
            -110.479805,
            44.953442
          ],
          [
            -110.479997,
            44.953695
          ],
          [
            -110.480171,
            44.953952
          ],
          [
            -110.480331,
            44.9542
          ],
          [
            -110.480393,
            44.954291
          ],
          [
            -110.480502,
            44.954449
          ],
          [
            -110.480691,
            44.954652
          ],
          [
            -110.480921,
            44.954887
          ],
          [
            -110.481166,
            44.955113
          ],
          [
            -110.481418,
            44.95534
          ],
          [
            -110.481679,
            44.955552
          ],
          [
            -110.481965,
            44.955752
          ],
          [
            -110.482256,
            44.955942
          ],
          [
            -110.482533,
            44.956123
          ],
          [
            -110.482788,
            44.956309
          ],
          [
            -110.483026,
            44.956504
          ],
          [
            -110.483258,
            44.956712
          ],
          [
            -110.483498,
            44.95692
          ],
          [
            -110.483741,
            44.957137
          ],
          [
            -110.483993,
            44.95735
          ],
          [
            -110.484252,
            44.957562
          ],
          [
            -110.484517,
            44.957775
          ],
          [
            -110.484795,
            44.957992
          ],
          [
            -110.485091,
            44.958178
          ],
          [
            -110.485409,
            44.958333
          ],
          [
            -110.485768,
            44.958446
          ],
          [
            -110.486155,
            44.958504
          ],
          [
            -110.486569,
            44.958545
          ],
          [
            -110.487014,
            44.958588
          ],
          [
            -110.487474,
            44.958635
          ],
          [
            -110.487919,
            44.958673
          ],
          [
            -110.488365,
            44.95872
          ],
          [
            -110.488804,
            44.958767
          ],
          [
            -110.489242,
            44.958814
          ],
          [
            -110.489666,
            44.958865
          ],
          [
            -110.490081,
            44.958916
          ],
          [
            -110.490478,
            44.958995
          ],
          [
            -110.490861,
            44.959109
          ],
          [
            -110.491215,
            44.959239
          ],
          [
            -110.491604,
            44.959332
          ],
          [
            -110.491971,
            44.959361
          ],
          [
            -110.492378,
            44.959331
          ],
          [
            -110.492762,
            44.959229
          ],
          [
            -110.493098,
            44.959113
          ],
          [
            -110.493415,
            44.958979
          ],
          [
            -110.493728,
            44.958841
          ],
          [
            -110.494045,
            44.958699
          ],
          [
            -110.494371,
            44.958552
          ],
          [
            -110.494701,
            44.958405
          ],
          [
            -110.495033,
            44.958253
          ],
          [
            -110.495366,
            44.958115
          ],
          [
            -110.495689,
            44.957981
          ],
          [
            -110.496004,
            44.957812
          ],
          [
            -110.49629,
            44.957614
          ],
          [
            -110.496534,
            44.957394
          ],
          [
            -110.496736,
            44.957175
          ],
          [
            -110.496951,
            44.956946
          ],
          [
            -110.497192,
            44.956756
          ],
          [
            -110.49748,
            44.956601
          ],
          [
            -110.497791,
            44.956491
          ],
          [
            -110.498153,
            44.956397
          ],
          [
            -110.498539,
            44.956316
          ],
          [
            -110.498923,
            44.956209
          ],
          [
            -110.499279,
            44.956084
          ],
          [
            -110.499597,
            44.955938
          ],
          [
            -110.499927,
            44.95577
          ],
          [
            -110.500187,
            44.955601
          ],
          [
            -110.500444,
            44.955421
          ],
          [
            -110.500715,
            44.955265
          ],
          [
            -110.501003,
            44.955151
          ],
          [
            -110.50135,
            44.955044
          ],
          [
            -110.501697,
            44.954976
          ],
          [
            -110.502093,
            44.9549
          ],
          [
            -110.502503,
            44.954839
          ],
          [
            -110.502882,
            44.954787
          ],
          [
            -110.503267,
            44.954766
          ],
          [
            -110.503658,
            44.954772
          ],
          [
            -110.50406,
            44.954788
          ],
          [
            -110.504474,
            44.954803
          ],
          [
            -110.504893,
            44.954832
          ],
          [
            -110.505302,
            44.954874
          ],
          [
            -110.505691,
            44.954939
          ],
          [
            -110.506066,
            44.955012
          ],
          [
            -110.506437,
            44.955095
          ],
          [
            -110.506808,
            44.955182
          ],
          [
            -110.507176,
            44.955265
          ],
          [
            -110.507535,
            44.955347
          ],
          [
            -110.507881,
            44.955425
          ],
          [
            -110.508218,
            44.955494
          ],
          [
            -110.508558,
            44.955532
          ],
          [
            -110.508892,
            44.955511
          ],
          [
            -110.509204,
            44.955435
          ],
          [
            -110.509487,
            44.955315
          ],
          [
            -110.509764,
            44.955172
          ],
          [
            -110.510054,
            44.95502
          ],
          [
            -110.51036,
            44.954864
          ],
          [
            -110.510679,
            44.954726
          ],
          [
            -110.511036,
            44.954624
          ],
          [
            -110.511411,
            44.954576
          ],
          [
            -110.511781,
            44.954578
          ],
          [
            -110.512133,
            44.954629
          ],
          [
            -110.512456,
            44.95472
          ],
          [
            -110.512744,
            44.954856
          ],
          [
            -110.513007,
            44.955011
          ],
          [
            -110.513256,
            44.95516
          ],
          [
            -110.513519,
            44.955278
          ],
          [
            -110.51381,
            44.955343
          ],
          [
            -110.514106,
            44.955357
          ],
          [
            -110.514388,
            44.955322
          ],
          [
            -110.514662,
            44.955243
          ],
          [
            -110.514936,
            44.955122
          ],
          [
            -110.515235,
            44.954989
          ],
          [
            -110.51556,
            44.954864
          ],
          [
            -110.515909,
            44.954757
          ],
          [
            -110.51628,
            44.954664
          ],
          [
            -110.51667,
            44.95459
          ],
          [
            -110.517076,
            44.954524
          ],
          [
            -110.517492,
            44.954462
          ],
          [
            -110.5179,
            44.95441
          ],
          [
            -110.518298,
            44.954398
          ],
          [
            -110.518694,
            44.954427
          ],
          [
            -110.519095,
            44.954501
          ],
          [
            -110.519475,
            44.954619
          ],
          [
            -110.51983,
            44.954774
          ],
          [
            -110.520169,
            44.954946
          ],
          [
            -110.520502,
            44.955119
          ],
          [
            -110.520831,
            44.955291
          ],
          [
            -110.521157,
            44.955459
          ],
          [
            -110.521482,
            44.955627
          ],
          [
            -110.521813,
            44.955781
          ],
          [
            -110.522145,
            44.955913
          ],
          [
            -110.522496,
            44.956018
          ],
          [
            -110.522861,
            44.956096
          ],
          [
            -110.523228,
            44.956152
          ],
          [
            -110.523596,
            44.956189
          ],
          [
            -110.52396,
            44.956204
          ],
          [
            -110.524321,
            44.956183
          ],
          [
            -110.524687,
            44.956149
          ],
          [
            -110.525059,
            44.95611
          ],
          [
            -110.525435,
            44.956067
          ],
          [
            -110.52581,
            44.956041
          ],
          [
            -110.52618,
            44.956034
          ],
          [
            -110.526548,
            44.95604
          ],
          [
            -110.526922,
            44.956032
          ],
          [
            -110.527284,
            44.955993
          ],
          [
            -110.527633,
            44.955936
          ],
          [
            -110.527984,
            44.955861
          ],
          [
            -110.528339,
            44.955768
          ],
          [
            -110.528689,
            44.955657
          ],
          [
            -110.529013,
            44.955525
          ],
          [
            -110.529372,
            44.955411
          ],
          [
            -110.529728,
            44.95534
          ],
          [
            -110.530119,
            44.955307
          ],
          [
            -110.530507,
            44.955326
          ],
          [
            -110.53084,
            44.955383
          ],
          [
            -110.531198,
            44.95548
          ],
          [
            -110.531523,
            44.955588
          ],
          [
            -110.531858,
            44.955744
          ],
          [
            -110.532154,
            44.955914
          ],
          [
            -110.532447,
            44.95612
          ],
          [
            -110.532722,
            44.956335
          ],
          [
            -110.533013,
            44.956534
          ],
          [
            -110.533353,
            44.956684
          ],
          [
            -110.53374,
            44.956771
          ],
          [
            -110.534129,
            44.956816
          ],
          [
            -110.534476,
            44.956828
          ],
          [
            -110.534863,
            44.956817
          ],
          [
            -110.535284,
            44.956804
          ],
          [
            -110.535641,
            44.956838
          ],
          [
            -110.536033,
            44.956923
          ],
          [
            -110.536428,
            44.957039
          ],
          [
            -110.53682,
            44.957155
          ],
          [
            -110.537179,
            44.957312
          ],
          [
            -110.537458,
            44.957479
          ],
          [
            -110.537727,
            44.957676
          ],
          [
            -110.538016,
            44.95785
          ],
          [
            -110.538322,
            44.957979
          ],
          [
            -110.538696,
            44.958079
          ],
          [
            -110.539091,
            44.958127
          ],
          [
            -110.539505,
            44.95814
          ],
          [
            -110.539921,
            44.958151
          ],
          [
            -110.54072,
            44.958154
          ],
          [
            -110.541089,
            44.958151
          ],
          [
            -110.541443,
            44.958135
          ],
          [
            -110.541779,
            44.958106
          ],
          [
            -110.541651,
            44.95797
          ],
          [
            -110.541574,
            44.957881
          ],
          [
            -110.541508,
            44.957791
          ],
          [
            -110.541463,
            44.95773
          ],
          [
            -110.541335,
            44.9575
          ],
          [
            -110.541314,
            44.95732
          ],
          [
            -110.541405,
            44.957122
          ],
          [
            -110.541719,
            44.956822
          ],
          [
            -110.541752,
            44.956673
          ],
          [
            -110.541721,
            44.956538
          ],
          [
            -110.541477,
            44.956429
          ],
          [
            -110.540346,
            44.956063
          ],
          [
            -110.53884,
            44.95559
          ],
          [
            -110.538539,
            44.955516
          ],
          [
            -110.537615,
            44.955288
          ],
          [
            -110.535003,
            44.954846
          ],
          [
            -110.534861,
            44.954805
          ],
          [
            -110.534662,
            44.954646
          ],
          [
            -110.534442,
            44.954344
          ],
          [
            -110.534175,
            44.95428
          ],
          [
            -110.533908,
            44.954247
          ],
          [
            -110.533621,
            44.954151
          ],
          [
            -110.533054,
            44.95392
          ],
          [
            -110.532757,
            44.953657
          ],
          [
            -110.532535,
            44.95326
          ],
          [
            -110.532434,
            44.953147
          ],
          [
            -110.532154,
            44.953106
          ],
          [
            -110.532027,
            44.953168
          ],
          [
            -110.531908,
            44.953451
          ],
          [
            -110.531736,
            44.953586
          ],
          [
            -110.531509,
            44.953612
          ],
          [
            -110.5312,
            44.953588
          ],
          [
            -110.530838,
            44.953537
          ],
          [
            -110.530508,
            44.953463
          ],
          [
            -110.530245,
            44.953363
          ],
          [
            -110.530154,
            44.953259
          ],
          [
            -110.529993,
            44.952975
          ],
          [
            -110.52965,
            44.952731
          ],
          [
            -110.529185,
            44.95249
          ],
          [
            -110.528698,
            44.952205
          ],
          [
            -110.528123,
            44.951806
          ],
          [
            -110.527768,
            44.951697
          ],
          [
            -110.527508,
            44.951651
          ],
          [
            -110.527148,
            44.951613
          ],
          [
            -110.52688,
            44.951518
          ],
          [
            -110.526636,
            44.951377
          ],
          [
            -110.52651,
            44.951209
          ],
          [
            -110.526217,
            44.951011
          ],
          [
            -110.525921,
            44.950942
          ],
          [
            -110.52564,
            44.950833
          ],
          [
            -110.525374,
            44.950629
          ],
          [
            -110.525176,
            44.950408
          ],
          [
            -110.52498,
            44.950051
          ],
          [
            -110.524768,
            44.949569
          ],
          [
            -110.524627,
            44.949474
          ],
          [
            -110.524339,
            44.94936
          ],
          [
            -110.523762,
            44.949214
          ],
          [
            -110.522917,
            44.949125
          ],
          [
            -110.522504,
            44.949046
          ],
          [
            -110.522273,
            44.949036
          ],
          [
            -110.521298,
            44.948654
          ],
          [
            -110.521076,
            44.94859
          ],
          [
            -110.52079,
            44.948535
          ],
          [
            -110.52052,
            44.948507
          ],
          [
            -110.520298,
            44.948506
          ],
          [
            -110.519963,
            44.948568
          ],
          [
            -110.519491,
            44.948782
          ],
          [
            -110.519354,
            44.948867
          ],
          [
            -110.518982,
            44.948942
          ],
          [
            -110.518448,
            44.948926
          ],
          [
            -110.518136,
            44.948875
          ],
          [
            -110.517849,
            44.948788
          ],
          [
            -110.517463,
            44.948629
          ],
          [
            -110.517304,
            44.948624
          ],
          [
            -110.517007,
            44.948429
          ],
          [
            -110.516852,
            44.948266
          ],
          [
            -110.516689,
            44.948225
          ],
          [
            -110.516329,
            44.94826
          ],
          [
            -110.516001,
            44.948384
          ],
          [
            -110.515392,
            44.948679
          ],
          [
            -110.514443,
            44.949066
          ],
          [
            -110.514132,
            44.94911
          ],
          [
            -110.513976,
            44.949096
          ],
          [
            -110.513666,
            44.948919
          ],
          [
            -110.51349,
            44.948716
          ],
          [
            -110.51338,
            44.948526
          ],
          [
            -110.513138,
            44.948287
          ],
          [
            -110.512828,
            44.948065
          ],
          [
            -110.512053,
            44.947683
          ],
          [
            -110.511526,
            44.947465
          ],
          [
            -110.511001,
            44.947287
          ],
          [
            -110.510714,
            44.94716
          ],
          [
            -110.51051,
            44.947006
          ],
          [
            -110.510104,
            44.946644
          ],
          [
            -110.509706,
            44.946359
          ],
          [
            -110.50933,
            44.946155
          ],
          [
            -110.508933,
            44.946036
          ],
          [
            -110.508437,
            44.945939
          ],
          [
            -110.507953,
            44.945942
          ],
          [
            -110.507598,
            44.945846
          ],
          [
            -110.507153,
            44.945749
          ],
          [
            -110.506687,
            44.945729
          ],
          [
            -110.506331,
            44.945791
          ],
          [
            -110.505829,
            44.945793
          ],
          [
            -110.505105,
            44.945763
          ],
          [
            -110.503615,
            44.946004
          ],
          [
            -110.50288,
            44.946064
          ],
          [
            -110.502376,
            44.945999
          ],
          [
            -110.502085,
            44.945876
          ],
          [
            -110.501639,
            44.945581
          ],
          [
            -110.501241,
            44.945377
          ],
          [
            -110.49838,
            44.94437
          ],
          [
            -110.498135,
            44.944277
          ],
          [
            -110.497798,
            44.944242
          ],
          [
            -110.497492,
            44.944317
          ],
          [
            -110.496928,
            44.944494
          ],
          [
            -110.49631,
            44.944576
          ],
          [
            -110.495961,
            44.944611
          ],
          [
            -110.495741,
            44.94464
          ],
          [
            -110.495589,
            44.944667
          ],
          [
            -110.495481,
            44.944685
          ],
          [
            -110.495424,
            44.944679
          ],
          [
            -110.495334,
            44.944652
          ],
          [
            -110.495216,
            44.944595
          ],
          [
            -110.495145,
            44.944552
          ],
          [
            -110.4951,
            44.944537
          ],
          [
            -110.495009,
            44.944527
          ],
          [
            -110.494857,
            44.944524
          ],
          [
            -110.494589,
            44.944545
          ],
          [
            -110.493533,
            44.944634
          ],
          [
            -110.493342,
            44.944653
          ],
          [
            -110.493085,
            44.944689
          ],
          [
            -110.492786,
            44.944748
          ],
          [
            -110.492309,
            44.944837
          ],
          [
            -110.492152,
            44.944863
          ],
          [
            -110.492003,
            44.944868
          ],
          [
            -110.491779,
            44.944857
          ],
          [
            -110.491333,
            44.944786
          ],
          [
            -110.490824,
            44.944699
          ],
          [
            -110.4903,
            44.944605
          ],
          [
            -110.49014,
            44.944569
          ],
          [
            -110.490016,
            44.944524
          ],
          [
            -110.489907,
            44.944475
          ],
          [
            -110.489808,
            44.944406
          ],
          [
            -110.489686,
            44.944301
          ],
          [
            -110.489595,
            44.944199
          ],
          [
            -110.489537,
            44.9441
          ],
          [
            -110.489467,
            44.943958
          ],
          [
            -110.489397,
            44.943858
          ],
          [
            -110.489338,
            44.943796
          ],
          [
            -110.489263,
            44.943746
          ],
          [
            -110.489167,
            44.94371
          ],
          [
            -110.48905,
            44.943699
          ],
          [
            -110.488955,
            44.943712
          ],
          [
            -110.488594,
            44.943782
          ],
          [
            -110.488434,
            44.943806
          ],
          [
            -110.488296,
            44.943802
          ],
          [
            -110.48816,
            44.94377
          ],
          [
            -110.487666,
            44.943611
          ],
          [
            -110.487457,
            44.94353
          ],
          [
            -110.487068,
            44.943342
          ],
          [
            -110.486695,
            44.94317
          ],
          [
            -110.486479,
            44.943084
          ],
          [
            -110.486057,
            44.942937
          ],
          [
            -110.485542,
            44.94278
          ],
          [
            -110.485287,
            44.942728
          ],
          [
            -110.485008,
            44.942688
          ],
          [
            -110.48403,
            44.942567
          ],
          [
            -110.482992,
            44.942462
          ],
          [
            -110.48286,
            44.942419
          ],
          [
            -110.482723,
            44.942342
          ],
          [
            -110.482615,
            44.942248
          ],
          [
            -110.482564,
            44.942153
          ],
          [
            -110.482491,
            44.941928
          ],
          [
            -110.482377,
            44.941678
          ],
          [
            -110.48228,
            44.941519
          ],
          [
            -110.482181,
            44.941341
          ],
          [
            -110.48213,
            44.94121
          ],
          [
            -110.482127,
            44.94108
          ],
          [
            -110.482138,
            44.940809
          ],
          [
            -110.482117,
            44.940684
          ],
          [
            -110.482088,
            44.940568
          ],
          [
            -110.482021,
            44.940397
          ],
          [
            -110.481946,
            44.940234
          ],
          [
            -110.481851,
            44.940129
          ],
          [
            -110.481738,
            44.940026
          ],
          [
            -110.481627,
            44.939931
          ],
          [
            -110.481543,
            44.939844
          ],
          [
            -110.481294,
            44.93955
          ],
          [
            -110.481179,
            44.939425
          ],
          [
            -110.481095,
            44.939343
          ],
          [
            -110.481009,
            44.939279
          ],
          [
            -110.480876,
            44.939177
          ],
          [
            -110.480822,
            44.939105
          ],
          [
            -110.480786,
            44.939053
          ],
          [
            -110.480764,
            44.938988
          ],
          [
            -110.480749,
            44.938879
          ],
          [
            -110.480761,
            44.938757
          ],
          [
            -110.480814,
            44.938445
          ],
          [
            -110.480837,
            44.938179
          ],
          [
            -110.480863,
            44.937824
          ],
          [
            -110.480852,
            44.937694
          ],
          [
            -110.480818,
            44.93756
          ],
          [
            -110.480716,
            44.9373
          ],
          [
            -110.480476,
            44.936612
          ],
          [
            -110.48026,
            44.936047
          ],
          [
            -110.480172,
            44.935865
          ],
          [
            -110.480041,
            44.935601
          ],
          [
            -110.479955,
            44.935481
          ],
          [
            -110.479843,
            44.93535
          ],
          [
            -110.479666,
            44.935157
          ],
          [
            -110.479485,
            44.934952
          ],
          [
            -110.47917,
            44.934546
          ],
          [
            -110.479102,
            44.934443
          ],
          [
            -110.479061,
            44.934356
          ],
          [
            -110.479025,
            44.934224
          ],
          [
            -110.47894,
            44.933887
          ],
          [
            -110.478878,
            44.933742
          ],
          [
            -110.478783,
            44.933569
          ],
          [
            -110.47867,
            44.933412
          ],
          [
            -110.478385,
            44.93281
          ],
          [
            -110.478274,
            44.932637
          ],
          [
            -110.478176,
            44.932513
          ],
          [
            -110.478078,
            44.932408
          ],
          [
            -110.477842,
            44.93219
          ],
          [
            -110.477307,
            44.931748
          ],
          [
            -110.4769,
            44.93145
          ],
          [
            -110.476776,
            44.931372
          ],
          [
            -110.476582,
            44.931267
          ],
          [
            -110.476447,
            44.931195
          ],
          [
            -110.476373,
            44.931139
          ],
          [
            -110.476201,
            44.930991
          ],
          [
            -110.475982,
            44.930773
          ],
          [
            -110.475754,
            44.930549
          ],
          [
            -110.475677,
            44.930442
          ],
          [
            -110.47561,
            44.930325
          ],
          [
            -110.475584,
            44.930234
          ],
          [
            -110.475574,
            44.930128
          ],
          [
            -110.475576,
            44.930039
          ],
          [
            -110.475599,
            44.92987
          ],
          [
            -110.475595,
            44.929716
          ],
          [
            -110.475616,
            44.929506
          ],
          [
            -110.47566,
            44.92932
          ],
          [
            -110.475719,
            44.929181
          ],
          [
            -110.475827,
            44.929031
          ],
          [
            -110.476055,
            44.928733
          ],
          [
            -110.476081,
            44.928679
          ],
          [
            -110.476086,
            44.928638
          ],
          [
            -110.476068,
            44.928593
          ],
          [
            -110.476039,
            44.928566
          ],
          [
            -110.475974,
            44.928528
          ],
          [
            -110.475743,
            44.928413
          ],
          [
            -110.475591,
            44.928316
          ],
          [
            -110.4755,
            44.928231
          ],
          [
            -110.475451,
            44.928116
          ],
          [
            -110.475435,
            44.928049
          ],
          [
            -110.475393,
            44.927859
          ],
          [
            -110.475346,
            44.927713
          ],
          [
            -110.475266,
            44.927456
          ],
          [
            -110.475233,
            44.927384
          ],
          [
            -110.475202,
            44.927342
          ],
          [
            -110.475149,
            44.927311
          ],
          [
            -110.475017,
            44.927264
          ],
          [
            -110.474777,
            44.927188
          ],
          [
            -110.474624,
            44.927152
          ],
          [
            -110.474386,
            44.927113
          ],
          [
            -110.47413,
            44.927067
          ],
          [
            -110.473979,
            44.927031
          ],
          [
            -110.473596,
            44.926909
          ],
          [
            -110.473352,
            44.926812
          ],
          [
            -110.473206,
            44.92674
          ],
          [
            -110.473014,
            44.926635
          ],
          [
            -110.472872,
            44.926534
          ],
          [
            -110.472616,
            44.926347
          ],
          [
            -110.472412,
            44.926127
          ],
          [
            -110.472225,
            44.925926
          ],
          [
            -110.472,
            44.925714
          ],
          [
            -110.471725,
            44.925446
          ],
          [
            -110.471647,
            44.925352
          ],
          [
            -110.471561,
            44.925218
          ],
          [
            -110.471531,
            44.925142
          ],
          [
            -110.471508,
            44.925054
          ],
          [
            -110.471516,
            44.924974
          ],
          [
            -110.471561,
            44.924856
          ],
          [
            -110.471813,
            44.924289
          ],
          [
            -110.471887,
            44.924085
          ],
          [
            -110.471905,
            44.924007
          ],
          [
            -110.471914,
            44.92389
          ],
          [
            -110.471909,
            44.92368
          ],
          [
            -110.471901,
            44.923197
          ],
          [
            -110.471879,
            44.92303
          ],
          [
            -110.471816,
            44.922801
          ],
          [
            -110.471754,
            44.92268
          ],
          [
            -110.471698,
            44.922621
          ],
          [
            -110.471606,
            44.922566
          ],
          [
            -110.471354,
            44.922399
          ],
          [
            -110.471099,
            44.922271
          ],
          [
            -110.47099,
            44.922212
          ],
          [
            -110.470796,
            44.922099
          ],
          [
            -110.470673,
            44.921992
          ],
          [
            -110.470576,
            44.921899
          ],
          [
            -110.47047,
            44.921758
          ],
          [
            -110.470386,
            44.921632
          ],
          [
            -110.47036,
            44.921553
          ],
          [
            -110.470356,
            44.921476
          ],
          [
            -110.470367,
            44.921359
          ],
          [
            -110.470426,
            44.921254
          ],
          [
            -110.470567,
            44.921133
          ],
          [
            -110.470633,
            44.921065
          ],
          [
            -110.470701,
            44.921003
          ],
          [
            -110.470751,
            44.920974
          ],
          [
            -110.471125,
            44.920843
          ],
          [
            -110.471243,
            44.920787
          ],
          [
            -110.471284,
            44.920733
          ],
          [
            -110.471282,
            44.92068
          ],
          [
            -110.471282,
            44.92068
          ],
          [
            -110.471238,
            44.920658
          ],
          [
            -110.47115,
            44.920651
          ],
          [
            -110.471022,
            44.920663
          ],
          [
            -110.470869,
            44.920683
          ],
          [
            -110.470745,
            44.920683
          ],
          [
            -110.470588,
            44.920671
          ],
          [
            -110.470519,
            44.92068
          ],
          [
            -110.470378,
            44.920698
          ],
          [
            -110.470265,
            44.920728
          ],
          [
            -110.470085,
            44.920803
          ],
          [
            -110.469819,
            44.920944
          ],
          [
            -110.469688,
            44.921026
          ],
          [
            -110.469577,
            44.921118
          ],
          [
            -110.469491,
            44.921222
          ],
          [
            -110.469384,
            44.921309
          ],
          [
            -110.469226,
            44.921398
          ],
          [
            -110.46914,
            44.921428
          ],
          [
            -110.469076,
            44.921428
          ],
          [
            -110.469018,
            44.92141
          ],
          [
            -110.468982,
            44.921363
          ],
          [
            -110.468944,
            44.921258
          ],
          [
            -110.468925,
            44.921184
          ],
          [
            -110.468899,
            44.921133
          ],
          [
            -110.468858,
            44.921092
          ],
          [
            -110.468795,
            44.921078
          ],
          [
            -110.468728,
            44.921087
          ],
          [
            -110.468656,
            44.921119
          ],
          [
            -110.468526,
            44.921262
          ],
          [
            -110.46838,
            44.921384
          ],
          [
            -110.468185,
            44.921552
          ],
          [
            -110.468024,
            44.921669
          ],
          [
            -110.467842,
            44.921782
          ],
          [
            -110.467706,
            44.921844
          ],
          [
            -110.467551,
            44.921899
          ],
          [
            -110.46741,
            44.921934
          ],
          [
            -110.46714,
            44.92198
          ],
          [
            -110.466949,
            44.922011
          ],
          [
            -110.466813,
            44.922051
          ],
          [
            -110.46658,
            44.922105
          ],
          [
            -110.46645,
            44.922114
          ],
          [
            -110.466263,
            44.922117
          ],
          [
            -110.465914,
            44.922091
          ],
          [
            -110.465404,
            44.922071
          ],
          [
            -110.465078,
            44.92206
          ],
          [
            -110.464835,
            44.922057
          ],
          [
            -110.464662,
            44.922074
          ],
          [
            -110.464537,
            44.922101
          ],
          [
            -110.464375,
            44.92216
          ],
          [
            -110.464037,
            44.922341
          ],
          [
            -110.463389,
            44.922693
          ],
          [
            -110.463101,
            44.92282
          ],
          [
            -110.462941,
            44.922876
          ],
          [
            -110.462794,
            44.922897
          ],
          [
            -110.462625,
            44.922888
          ],
          [
            -110.462426,
            44.922879
          ],
          [
            -110.462267,
            44.922893
          ],
          [
            -110.461945,
            44.922941
          ],
          [
            -110.46145,
            44.922999
          ],
          [
            -110.461319,
            44.92302
          ],
          [
            -110.461124,
            44.923066
          ],
          [
            -110.461029,
            44.923079
          ],
          [
            -110.460773,
            44.923089
          ],
          [
            -110.460514,
            44.923106
          ],
          [
            -110.460379,
            44.923114
          ],
          [
            -110.460285,
            44.923139
          ],
          [
            -110.460195,
            44.923183
          ],
          [
            -110.460015,
            44.923313
          ],
          [
            -110.459894,
            44.923362
          ],
          [
            -110.459807,
            44.923373
          ],
          [
            -110.459658,
            44.923365
          ],
          [
            -110.459503,
            44.923339
          ],
          [
            -110.459121,
            44.923273
          ],
          [
            -110.458299,
            44.923152
          ],
          [
            -110.457981,
            44.923109
          ],
          [
            -110.457821,
            44.923105
          ],
          [
            -110.45766,
            44.923112
          ],
          [
            -110.457357,
            44.923125
          ],
          [
            -110.457176,
            44.923148
          ],
          [
            -110.456992,
            44.923182
          ],
          [
            -110.456634,
            44.923275
          ],
          [
            -110.45644,
            44.923304
          ],
          [
            -110.456259,
            44.923313
          ],
          [
            -110.456149,
            44.923324
          ],
          [
            -110.45597,
            44.923345
          ],
          [
            -110.455716,
            44.923357
          ],
          [
            -110.455457,
            44.923367
          ],
          [
            -110.455226,
            44.923392
          ],
          [
            -110.45504,
            44.923424
          ],
          [
            -110.45492,
            44.923466
          ],
          [
            -110.454712,
            44.923548
          ],
          [
            -110.453963,
            44.923913
          ],
          [
            -110.45319,
            44.924238
          ],
          [
            -110.452909,
            44.92434
          ],
          [
            -110.452741,
            44.924373
          ],
          [
            -110.452595,
            44.924388
          ],
          [
            -110.452368,
            44.924386
          ],
          [
            -110.452084,
            44.924364
          ],
          [
            -110.451517,
            44.924304
          ],
          [
            -110.451331,
            44.924299
          ],
          [
            -110.451179,
            44.924314
          ],
          [
            -110.450694,
            44.924345
          ],
          [
            -110.450544,
            44.924351
          ],
          [
            -110.450405,
            44.924343
          ],
          [
            -110.450305,
            44.924317
          ],
          [
            -110.449922,
            44.924204
          ],
          [
            -110.449607,
            44.924137
          ],
          [
            -110.449443,
            44.924107
          ],
          [
            -110.449279,
            44.924098
          ],
          [
            -110.449125,
            44.924102
          ],
          [
            -110.449045,
            44.924117
          ],
          [
            -110.448909,
            44.924161
          ],
          [
            -110.448722,
            44.92425
          ],
          [
            -110.448508,
            44.924337
          ],
          [
            -110.448441,
            44.924357
          ],
          [
            -110.44832,
            44.924378
          ],
          [
            -110.448215,
            44.924388
          ],
          [
            -110.448047,
            44.924388
          ],
          [
            -110.447884,
            44.924369
          ],
          [
            -110.447666,
            44.924335
          ],
          [
            -110.447402,
            44.924284
          ],
          [
            -110.447242,
            44.92425
          ],
          [
            -110.446996,
            44.92418
          ],
          [
            -110.446728,
            44.924089
          ],
          [
            -110.446523,
            44.923992
          ],
          [
            -110.446302,
            44.92377
          ],
          [
            -110.445957,
            44.92336
          ],
          [
            -110.445636,
            44.922725
          ],
          [
            -110.445573,
            44.922503
          ],
          [
            -110.445638,
            44.922006
          ],
          [
            -110.445617,
            44.921893
          ],
          [
            -110.445419,
            44.921615
          ],
          [
            -110.445191,
            44.921448
          ],
          [
            -110.445037,
            44.921381
          ],
          [
            -110.444931,
            44.921353
          ],
          [
            -110.444839,
            44.921356
          ],
          [
            -110.444777,
            44.921386
          ],
          [
            -110.444592,
            44.921544
          ],
          [
            -110.444564,
            44.921579
          ],
          [
            -110.444442,
            44.921736
          ],
          [
            -110.444286,
            44.921889
          ],
          [
            -110.444116,
            44.922006
          ],
          [
            -110.444285,
            44.92211
          ],
          [
            -110.444576,
            44.922318
          ],
          [
            -110.444838,
            44.922553
          ],
          [
            -110.44507,
            44.922806
          ],
          [
            -110.445265,
            44.923077
          ],
          [
            -110.445419,
            44.923371
          ],
          [
            -110.445548,
            44.923673
          ],
          [
            -110.445696,
            44.923966
          ],
          [
            -110.445895,
            44.924242
          ],
          [
            -110.446112,
            44.924508
          ],
          [
            -110.446339,
            44.924771
          ],
          [
            -110.446567,
            44.925028
          ],
          [
            -110.446789,
            44.925281
          ],
          [
            -110.446999,
            44.92553
          ],
          [
            -110.447168,
            44.925778
          ],
          [
            -110.447262,
            44.926018
          ],
          [
            -110.447281,
            44.926292
          ],
          [
            -110.447239,
            44.926421
          ],
          [
            -110.447152,
            44.926585
          ],
          [
            -110.446961,
            44.926791
          ],
          [
            -110.446708,
            44.926993
          ],
          [
            -110.446444,
            44.927205
          ],
          [
            -110.446168,
            44.927441
          ],
          [
            -110.445922,
            44.927675
          ],
          [
            -110.445725,
            44.927871
          ],
          [
            -110.445501,
            44.928115
          ],
          [
            -110.445292,
            44.928349
          ],
          [
            -110.445057,
            44.928598
          ],
          [
            -110.444832,
            44.928851
          ],
          [
            -110.444599,
            44.929115
          ],
          [
            -110.444365,
            44.929384
          ],
          [
            -110.444139,
            44.929666
          ],
          [
            -110.4439,
            44.929908
          ],
          [
            -110.443673,
            44.930164
          ],
          [
            -110.443453,
            44.93041
          ],
          [
            -110.443239,
            44.930657
          ],
          [
            -110.443029,
            44.930899
          ],
          [
            -110.442816,
            44.931141
          ],
          [
            -110.442622,
            44.931389
          ],
          [
            -110.44245,
            44.931652
          ],
          [
            -110.442343,
            44.931926
          ],
          [
            -110.44227,
            44.932218
          ],
          [
            -110.442237,
            44.932519
          ],
          [
            -110.442231,
            44.93283
          ],
          [
            -110.442231,
            44.93314
          ],
          [
            -110.442228,
            44.933447
          ],
          [
            -110.442229,
            44.933744
          ],
          [
            -110.442231,
            44.934032
          ],
          [
            -110.442232,
            44.934315
          ],
          [
            -110.442231,
            44.934594
          ],
          [
            -110.442234,
            44.93486
          ],
          [
            -110.442242,
            44.935121
          ],
          [
            -110.442267,
            44.935373
          ],
          [
            -110.442309,
            44.935612
          ],
          [
            -110.442368,
            44.93584
          ],
          [
            -110.442452,
            44.936047
          ],
          [
            -110.442529,
            44.93623
          ],
          [
            -110.442616,
            44.936392
          ],
          [
            -110.442695,
            44.936519
          ],
          [
            -110.442803,
            44.936674
          ],
          [
            -110.442882,
            44.936774
          ],
          [
            -110.442996,
            44.936918
          ],
          [
            -110.443151,
            44.937094
          ],
          [
            -110.443339,
            44.937282
          ],
          [
            -110.443606,
            44.937511
          ],
          [
            -110.443895,
            44.937738
          ],
          [
            -110.444189,
            44.937951
          ],
          [
            -110.444491,
            44.938164
          ],
          [
            -110.444797,
            44.938386
          ],
          [
            -110.445105,
            44.938604
          ],
          [
            -110.44541,
            44.938826
          ],
          [
            -110.445711,
            44.939048
          ],
          [
            -110.446015,
            44.939275
          ],
          [
            -110.446314,
            44.939501
          ],
          [
            -110.446604,
            44.939727
          ],
          [
            -110.446887,
            44.939949
          ],
          [
            -110.447169,
            44.940166
          ],
          [
            -110.447422,
            44.940396
          ],
          [
            -110.447666,
            44.94062
          ],
          [
            -110.447917,
            44.940859
          ],
          [
            -110.448416,
            44.941337
          ],
          [
            -110.44867,
            44.941576
          ],
          [
            -110.448918,
            44.941816
          ],
          [
            -110.449158,
            44.942051
          ],
          [
            -110.449389,
            44.942282
          ],
          [
            -110.44963,
            44.942513
          ],
          [
            -110.449874,
            44.942748
          ],
          [
            -110.450124,
            44.942988
          ],
          [
            -110.450378,
            44.943228
          ],
          [
            -110.450626,
            44.943467
          ],
          [
            -110.450871,
            44.943712
          ],
          [
            -110.451127,
            44.943959
          ],
          [
            -110.451343,
            44.944203
          ],
          [
            -110.451519,
            44.944474
          ],
          [
            -110.451611,
            44.94474
          ],
          [
            -110.451621,
            44.945015
          ],
          [
            -110.451567,
            44.945284
          ],
          [
            -110.451463,
            44.945536
          ],
          [
            -110.45135,
            44.945787
          ],
          [
            -110.451278,
            44.946039
          ],
          [
            -110.451244,
            44.946278
          ],
          [
            -110.451323,
            44.946535
          ],
          [
            -110.45147,
            44.946787
          ],
          [
            -110.451689,
            44.947018
          ],
          [
            -110.45197,
            44.947213
          ],
          [
            -110.452309,
            44.947363
          ],
          [
            -110.452679,
            44.947441
          ],
          [
            -110.453059,
            44.947475
          ],
          [
            -110.45343,
            44.947458
          ],
          [
            -110.453653,
            44.947438
          ],
          [
            -110.453742,
            44.947589
          ],
          [
            -110.453904,
            44.947752
          ],
          [
            -110.453932,
            44.947865
          ],
          [
            -110.453896,
            44.948064
          ],
          [
            -110.453748,
            44.948583
          ],
          [
            -110.453691,
            44.94876
          ],
          [
            -110.453582,
            44.948833
          ],
          [
            -110.453305,
            44.94897
          ],
          [
            -110.453147,
            44.949007
          ],
          [
            -110.452966,
            44.949015
          ],
          [
            -110.452756,
            44.948947
          ],
          [
            -110.452389,
            44.948775
          ],
          [
            -110.452263,
            44.948753
          ],
          [
            -110.452012,
            44.948748
          ],
          [
            -110.451789,
            44.948729
          ],
          [
            -110.45156,
            44.948654
          ],
          [
            -110.451411,
            44.948622
          ],
          [
            -110.451305,
            44.948629
          ],
          [
            -110.451202,
            44.948669
          ],
          [
            -110.451119,
            44.948729
          ],
          [
            -110.451051,
            44.948809
          ],
          [
            -110.450981,
            44.948878
          ],
          [
            -110.450829,
            44.948955
          ],
          [
            -110.450511,
            44.949033
          ]
        ]
      }
    }
  ]
}
